curve,acceptance,phase_average
M1,0.99843750,1.00000000
M3,0.99018519,0.14547552
M5_noisy,0.98037037,-0.02066674
