window,center,x,pooled_count
0,-1.5,-1.794,0
0,-1.5,-1.782,0
0,-1.5,-1.77,0
0,-1.5,-1.758,0
0,-1.5,-1.746,0
0,-1.5,-1.734,0
0,-1.5,-1.722,0
0,-1.5,-1.71,0
0,-1.5,-1.698,0
0,-1.5,-1.686,0
0,-1.5,-1.6740000000000002,0
0,-1.5,-1.6620000000000001,0
0,-1.5,-1.6500000000000001,0
0,-1.5,-1.6380000000000001,0
0,-1.5,-1.6260000000000001,0
0,-1.5,-1.614,0
0,-1.5,-1.602,0
0,-1.5,-1.59,0
0,-1.5,-1.578,0
0,-1.5,-1.566,1
0,-1.5,-1.554,0
0,-1.5,-1.542,0
0,-1.5,-1.53,3
0,-1.5,-1.518,7
0,-1.5,-1.506,6
0,-1.5,-1.494,16
0,-1.5,-1.482,24
0,-1.5,-1.47,28
0,-1.5,-1.458,55
0,-1.5,-1.446,90
0,-1.5,-1.434,154
0,-1.5,-1.422,214
0,-1.5,-1.41,405
0,-1.5,-1.398,524
0,-1.5,-1.3860000000000001,750
0,-1.5,-1.374,1015
0,-1.5,-1.362,1442
0,-1.5,-1.35,1816
0,-1.5,-1.338,2364
0,-1.5,-1.326,2866
0,-1.5,-1.314,3440
0,-1.5,-1.302,3949
0,-1.5,-1.29,4705
0,-1.5,-1.278,5131
0,-1.5,-1.266,5539
0,-1.5,-1.254,5854
0,-1.5,-1.242,5954
0,-1.5,-1.23,5915
0,-1.5,-1.218,5711
0,-1.5,-1.2060000000000002,5643
0,-1.5,-1.1940000000000002,5174
0,-1.5,-1.1820000000000002,4862
0,-1.5,-1.1700000000000002,4250
0,-1.5,-1.1580000000000001,3642
0,-1.5,-1.1460000000000001,3154
0,-1.5,-1.1340000000000001,2506
0,-1.5,-1.122,2069
0,-1.5,-1.11,1633
0,-1.5,-1.098,1370
0,-1.5,-1.086,995
0,-1.5,-1.074,812
0,-1.5,-1.062,576
0,-1.5,-1.05,462
0,-1.5,-1.038,320
0,-1.5,-1.026,191
0,-1.5,-1.014,116
0,-1.5,-1.002,86
0,-1.5,-0.99,62
0,-1.5,-0.978,47
0,-1.5,-0.966,19
0,-1.5,-0.9540000000000001,9
0,-1.5,-0.9420000000000001,12
0,-1.5,-0.93,6
0,-1.5,-0.918,2
0,-1.5,-0.906,3
0,-1.5,-0.894,0
0,-1.5,-0.882,1
0,-1.5,-0.87,0
0,-1.5,-0.858,0
0,-1.5,-0.8460000000000001,0
0,-1.5,-0.8340000000000001,0
0,-1.5,-0.8220000000000001,0
0,-1.5,-0.81,0
0,-1.5,-0.798,0
0,-1.5,-0.786,0
0,-1.5,-0.774,0
0,-1.5,-0.762,0
0,-1.5,-0.75,0
0,-1.5,-0.738,0
0,-1.5,-0.726,0
0,-1.5,-0.714,0
0,-1.5,-0.702,0
0,-1.5,-0.69,0
0,-1.5,-0.6779999999999999,0
0,-1.5,-0.6659999999999999,0
0,-1.5,-0.6539999999999999,0
0,-1.5,-0.642,0
0,-1.5,-0.6300000000000001,0
0,-1.5,-0.6180000000000001,0
0,-1.5,-0.6060000000000001,0
0,-1.5,-0.5940000000000001,0
0,-1.5,-0.5820000000000001,0
0,-1.5,-0.5700000000000001,0
0,-1.5,-0.558,0
0,-1.5,-0.546,0
0,-1.5,-0.534,0
0,-1.5,-0.522,0
0,-1.5,-0.51,0
0,-1.5,-0.498,0
0,-1.5,-0.486,0
0,-1.5,-0.474,0
0,-1.5,-0.46199999999999997,0
0,-1.5,-0.44999999999999996,0
0,-1.5,-0.43799999999999994,0
0,-1.5,-0.42599999999999993,0
0,-1.5,-0.4139999999999999,0
0,-1.5,-0.4019999999999999,0
0,-1.5,-0.39,0
0,-1.5,-0.3780000000000001,0
0,-1.5,-0.3660000000000001,0
0,-1.5,-0.3540000000000001,0
0,-1.5,-0.3420000000000001,0
0,-1.5,-0.33000000000000007,0
0,-1.5,-0.31800000000000006,0
0,-1.5,-0.30600000000000005,0
0,-1.5,-0.29400000000000004,0
0,-1.5,-0.28200000000000003,0
0,-1.5,-0.27,0
0,-1.5,-0.258,0
0,-1.5,-0.246,0
0,-1.5,-0.23399999999999999,0
0,-1.5,-0.22199999999999998,0
0,-1.5,-0.20999999999999996,0
0,-1.5,-0.19799999999999995,0
0,-1.5,-0.18599999999999994,0
0,-1.5,-0.17399999999999993,0
0,-1.5,-0.16199999999999992,0
0,-1.5,-0.1499999999999999,0
0,-1.5,-0.138,0
0,-1.5,-0.1260000000000001,0
0,-1.5,-0.1140000000000001,0
0,-1.5,-0.10200000000000009,0
0,-1.5,-0.09000000000000008,0
0,-1.5,-0.07800000000000007,0
0,-1.5,-0.06600000000000006,0
0,-1.5,-0.05400000000000005,0
0,-1.5,-0.04200000000000004,0
0,-1.5,-0.030000000000000027,0
0,-1.5,-0.018000000000000016,0
0,-1.5,-0.006000000000000005,0
0,-1.5,0.006000000000000005,0
0,-1.5,0.018000000000000016,0
0,-1.5,0.030000000000000027,0
0,-1.5,0.04200000000000004,0
0,-1.5,0.05400000000000005,0
0,-1.5,0.06600000000000006,0
0,-1.5,0.07800000000000007,0
0,-1.5,0.09000000000000008,0
0,-1.5,0.10200000000000009,0
0,-1.5,0.11399999999999999,0
0,-1.5,0.1259999999999999,0
0,-1.5,0.1379999999999999,0
0,-1.5,0.1499999999999999,0
0,-1.5,0.16199999999999992,0
0,-1.5,0.17399999999999993,0
0,-1.5,0.18599999999999994,0
0,-1.5,0.19799999999999995,0
0,-1.5,0.20999999999999996,0
0,-1.5,0.22199999999999998,0
0,-1.5,0.23399999999999999,0
0,-1.5,0.246,0
0,-1.5,0.258,0
0,-1.5,0.27,0
0,-1.5,0.28200000000000003,0
0,-1.5,0.29400000000000004,0
0,-1.5,0.30600000000000005,0
0,-1.5,0.31800000000000006,0
0,-1.5,0.33000000000000007,0
0,-1.5,0.3420000000000001,0
0,-1.5,0.3540000000000001,0
0,-1.5,0.3660000000000001,0
0,-1.5,0.3780000000000001,0
0,-1.5,0.3900000000000001,0
0,-1.5,0.40200000000000014,0
0,-1.5,0.41400000000000015,0
0,-1.5,0.42600000000000016,0
0,-1.5,0.43800000000000017,0
0,-1.5,0.4500000000000002,0
0,-1.5,0.4620000000000002,0
0,-1.5,0.4740000000000002,0
0,-1.5,0.4860000000000002,0
0,-1.5,0.4980000000000002,0
0,-1.5,0.51,0
0,-1.5,0.5219999999999998,0
0,-1.5,0.5339999999999998,0
0,-1.5,0.5459999999999998,0
0,-1.5,0.5579999999999998,0
0,-1.5,0.5699999999999998,0
0,-1.5,0.5819999999999999,0
0,-1.5,0.5939999999999999,0
0,-1.5,0.6059999999999999,0
0,-1.5,0.6179999999999999,0
0,-1.5,0.6299999999999999,0
0,-1.5,0.6419999999999999,0
0,-1.5,0.6539999999999999,0
0,-1.5,0.6659999999999999,0
0,-1.5,0.6779999999999999,0
0,-1.5,0.69,0
0,-1.5,0.702,0
0,-1.5,0.714,0
0,-1.5,0.726,0
0,-1.5,0.738,0
0,-1.5,0.75,0
0,-1.5,0.762,0
0,-1.5,0.774,0
0,-1.5,0.786,0
0,-1.5,0.798,0
0,-1.5,0.81,0
0,-1.5,0.8220000000000001,0
0,-1.5,0.8340000000000001,0
0,-1.5,0.8460000000000001,0
0,-1.5,0.8580000000000001,0
0,-1.5,0.8700000000000001,0
0,-1.5,0.8820000000000001,0
0,-1.5,0.8940000000000001,0
0,-1.5,0.9060000000000001,0
0,-1.5,0.9180000000000001,0
0,-1.5,0.9300000000000002,0
0,-1.5,0.9420000000000002,0
0,-1.5,0.9540000000000002,0
0,-1.5,0.9660000000000002,0
0,-1.5,0.9780000000000002,0
0,-1.5,0.9900000000000002,0
0,-1.5,1.0020000000000002,0
0,-1.5,1.014,0
0,-1.5,1.0259999999999998,0
0,-1.5,1.0379999999999998,0
0,-1.5,1.0499999999999998,0
0,-1.5,1.0619999999999998,0
0,-1.5,1.0739999999999998,0
0,-1.5,1.0859999999999999,0
0,-1.5,1.0979999999999999,0
0,-1.5,1.1099999999999999,0
0,-1.5,1.1219999999999999,0
0,-1.5,1.134,0
0,-1.5,1.146,0
0,-1.5,1.158,0
0,-1.5,1.17,0
0,-1.5,1.182,0
0,-1.5,1.194,0
0,-1.5,1.206,0
0,-1.5,1.218,0
0,-1.5,1.23,0
0,-1.5,1.242,0
0,-1.5,1.254,0
0,-1.5,1.266,0
0,-1.5,1.278,0
0,-1.5,1.29,0
0,-1.5,1.302,0
0,-1.5,1.314,0
0,-1.5,1.326,0
0,-1.5,1.338,0
0,-1.5,1.35,0
0,-1.5,1.362,0
0,-1.5,1.374,0
0,-1.5,1.3860000000000001,0
0,-1.5,1.3980000000000001,0
0,-1.5,1.4100000000000001,0
0,-1.5,1.4220000000000002,0
0,-1.5,1.4340000000000002,0
0,-1.5,1.4460000000000002,0
0,-1.5,1.4580000000000002,0
0,-1.5,1.4700000000000002,0
0,-1.5,1.4820000000000002,0
0,-1.5,1.4940000000000002,0
0,-1.5,1.5060000000000002,0
0,-1.5,1.5180000000000002,0
0,-1.5,1.53,0
0,-1.5,1.5419999999999998,0
0,-1.5,1.5539999999999998,0
0,-1.5,1.5659999999999998,0
0,-1.5,1.5779999999999998,0
0,-1.5,1.5899999999999999,0
0,-1.5,1.6019999999999999,0
0,-1.5,1.6139999999999999,0
0,-1.5,1.626,0
0,-1.5,1.638,0
0,-1.5,1.65,0
0,-1.5,1.662,0
0,-1.5,1.674,0
0,-1.5,1.686,0
0,-1.5,1.698,0
0,-1.5,1.71,0
0,-1.5,1.722,0
0,-1.5,1.734,0
0,-1.5,1.746,0
0,-1.5,1.758,0
0,-1.5,1.77,0
0,-1.5,1.782,0
0,-1.5,1.794,0
1,-1.35,-1.794,0
1,-1.35,-1.782,0
1,-1.35,-1.77,0
1,-1.35,-1.758,0
1,-1.35,-1.746,0
1,-1.35,-1.734,0
1,-1.35,-1.722,0
1,-1.35,-1.71,0
1,-1.35,-1.698,0
1,-1.35,-1.686,0
1,-1.35,-1.6740000000000002,0
1,-1.35,-1.6620000000000001,0
1,-1.35,-1.6500000000000001,0
1,-1.35,-1.6380000000000001,0
1,-1.35,-1.6260000000000001,0
1,-1.35,-1.614,0
1,-1.35,-1.602,0
1,-1.35,-1.59,0
1,-1.35,-1.578,0
1,-1.35,-1.566,0
1,-1.35,-1.554,0
1,-1.35,-1.542,0
1,-1.35,-1.53,0
1,-1.35,-1.518,0
1,-1.35,-1.506,0
1,-1.35,-1.494,1
1,-1.35,-1.482,0
1,-1.35,-1.47,1
1,-1.35,-1.458,9
1,-1.35,-1.446,8
1,-1.35,-1.434,20
1,-1.35,-1.422,41
1,-1.35,-1.41,56
1,-1.35,-1.398,100
1,-1.35,-1.3860000000000001,124
1,-1.35,-1.374,238
1,-1.35,-1.362,376
1,-1.35,-1.35,506
1,-1.35,-1.338,743
1,-1.35,-1.326,967
1,-1.35,-1.314,1297
1,-1.35,-1.302,1655
1,-1.35,-1.29,2058
1,-1.35,-1.278,2628
1,-1.35,-1.266,3203
1,-1.35,-1.254,3698
1,-1.35,-1.242,4212
1,-1.35,-1.23,4734
1,-1.35,-1.218,5107
1,-1.35,-1.2060000000000002,5383
1,-1.35,-1.1940000000000002,5567
1,-1.35,-1.1820000000000002,5693
1,-1.35,-1.1700000000000002,5692
1,-1.35,-1.1580000000000001,5588
1,-1.35,-1.1460000000000001,5275
1,-1.35,-1.1340000000000001,4809
1,-1.35,-1.122,4385
1,-1.35,-1.11,4071
1,-1.35,-1.098,3427
1,-1.35,-1.086,3001
1,-1.35,-1.074,2539
1,-1.35,-1.062,2049
1,-1.35,-1.05,1570
1,-1.35,-1.038,1311
1,-1.35,-1.026,1023
1,-1.35,-1.014,782
1,-1.35,-1.002,586
1,-1.35,-0.99,452
1,-1.35,-0.978,307
1,-1.35,-0.966,230
1,-1.35,-0.9540000000000001,149
1,-1.35,-0.9420000000000001,125
1,-1.35,-0.93,72
1,-1.35,-0.918,44
1,-1.35,-0.906,37
1,-1.35,-0.894,22
1,-1.35,-0.882,15
1,-1.35,-0.87,7
1,-1.35,-0.858,4
1,-1.35,-0.8460000000000001,0
1,-1.35,-0.8340000000000001,1
1,-1.35,-0.8220000000000001,1
1,-1.35,-0.81,1
1,-1.35,-0.798,0
1,-1.35,-0.786,0
1,-1.35,-0.774,0
1,-1.35,-0.762,0
1,-1.35,-0.75,0
1,-1.35,-0.738,0
1,-1.35,-0.726,0
1,-1.35,-0.714,0
1,-1.35,-0.702,0
1,-1.35,-0.69,0
1,-1.35,-0.6779999999999999,0
1,-1.35,-0.6659999999999999,0
1,-1.35,-0.6539999999999999,0
1,-1.35,-0.642,0
1,-1.35,-0.6300000000000001,0
1,-1.35,-0.6180000000000001,0
1,-1.35,-0.6060000000000001,0
1,-1.35,-0.5940000000000001,0
1,-1.35,-0.5820000000000001,0
1,-1.35,-0.5700000000000001,0
1,-1.35,-0.558,0
1,-1.35,-0.546,0
1,-1.35,-0.534,0
1,-1.35,-0.522,0
1,-1.35,-0.51,0
1,-1.35,-0.498,0
1,-1.35,-0.486,0
1,-1.35,-0.474,0
1,-1.35,-0.46199999999999997,0
1,-1.35,-0.44999999999999996,0
1,-1.35,-0.43799999999999994,0
1,-1.35,-0.42599999999999993,0
1,-1.35,-0.4139999999999999,0
1,-1.35,-0.4019999999999999,0
1,-1.35,-0.39,0
1,-1.35,-0.3780000000000001,0
1,-1.35,-0.3660000000000001,0
1,-1.35,-0.3540000000000001,0
1,-1.35,-0.3420000000000001,0
1,-1.35,-0.33000000000000007,0
1,-1.35,-0.31800000000000006,0
1,-1.35,-0.30600000000000005,0
1,-1.35,-0.29400000000000004,0
1,-1.35,-0.28200000000000003,0
1,-1.35,-0.27,0
1,-1.35,-0.258,0
1,-1.35,-0.246,0
1,-1.35,-0.23399999999999999,0
1,-1.35,-0.22199999999999998,0
1,-1.35,-0.20999999999999996,0
1,-1.35,-0.19799999999999995,0
1,-1.35,-0.18599999999999994,0
1,-1.35,-0.17399999999999993,0
1,-1.35,-0.16199999999999992,0
1,-1.35,-0.1499999999999999,0
1,-1.35,-0.138,0
1,-1.35,-0.1260000000000001,0
1,-1.35,-0.1140000000000001,0
1,-1.35,-0.10200000000000009,0
1,-1.35,-0.09000000000000008,0
1,-1.35,-0.07800000000000007,0
1,-1.35,-0.06600000000000006,0
1,-1.35,-0.05400000000000005,0
1,-1.35,-0.04200000000000004,0
1,-1.35,-0.030000000000000027,0
1,-1.35,-0.018000000000000016,0
1,-1.35,-0.006000000000000005,0
1,-1.35,0.006000000000000005,0
1,-1.35,0.018000000000000016,0
1,-1.35,0.030000000000000027,0
1,-1.35,0.04200000000000004,0
1,-1.35,0.05400000000000005,0
1,-1.35,0.06600000000000006,0
1,-1.35,0.07800000000000007,0
1,-1.35,0.09000000000000008,0
1,-1.35,0.10200000000000009,0
1,-1.35,0.11399999999999999,0
1,-1.35,0.1259999999999999,0
1,-1.35,0.1379999999999999,0
1,-1.35,0.1499999999999999,0
1,-1.35,0.16199999999999992,0
1,-1.35,0.17399999999999993,0
1,-1.35,0.18599999999999994,0
1,-1.35,0.19799999999999995,0
1,-1.35,0.20999999999999996,0
1,-1.35,0.22199999999999998,0
1,-1.35,0.23399999999999999,0
1,-1.35,0.246,0
1,-1.35,0.258,0
1,-1.35,0.27,0
1,-1.35,0.28200000000000003,0
1,-1.35,0.29400000000000004,0
1,-1.35,0.30600000000000005,0
1,-1.35,0.31800000000000006,0
1,-1.35,0.33000000000000007,0
1,-1.35,0.3420000000000001,0
1,-1.35,0.3540000000000001,0
1,-1.35,0.3660000000000001,0
1,-1.35,0.3780000000000001,0
1,-1.35,0.3900000000000001,0
1,-1.35,0.40200000000000014,0
1,-1.35,0.41400000000000015,0
1,-1.35,0.42600000000000016,0
1,-1.35,0.43800000000000017,0
1,-1.35,0.4500000000000002,0
1,-1.35,0.4620000000000002,0
1,-1.35,0.4740000000000002,0
1,-1.35,0.4860000000000002,0
1,-1.35,0.4980000000000002,0
1,-1.35,0.51,0
1,-1.35,0.5219999999999998,0
1,-1.35,0.5339999999999998,0
1,-1.35,0.5459999999999998,0
1,-1.35,0.5579999999999998,0
1,-1.35,0.5699999999999998,0
1,-1.35,0.5819999999999999,0
1,-1.35,0.5939999999999999,0
1,-1.35,0.6059999999999999,0
1,-1.35,0.6179999999999999,0
1,-1.35,0.6299999999999999,0
1,-1.35,0.6419999999999999,0
1,-1.35,0.6539999999999999,0
1,-1.35,0.6659999999999999,0
1,-1.35,0.6779999999999999,0
1,-1.35,0.69,0
1,-1.35,0.702,0
1,-1.35,0.714,0
1,-1.35,0.726,0
1,-1.35,0.738,0
1,-1.35,0.75,0
1,-1.35,0.762,0
1,-1.35,0.774,0
1,-1.35,0.786,0
1,-1.35,0.798,0
1,-1.35,0.81,0
1,-1.35,0.8220000000000001,0
1,-1.35,0.8340000000000001,0
1,-1.35,0.8460000000000001,0
1,-1.35,0.8580000000000001,0
1,-1.35,0.8700000000000001,0
1,-1.35,0.8820000000000001,0
1,-1.35,0.8940000000000001,0
1,-1.35,0.9060000000000001,0
1,-1.35,0.9180000000000001,0
1,-1.35,0.9300000000000002,0
1,-1.35,0.9420000000000002,0
1,-1.35,0.9540000000000002,0
1,-1.35,0.9660000000000002,0
1,-1.35,0.9780000000000002,0
1,-1.35,0.9900000000000002,0
1,-1.35,1.0020000000000002,0
1,-1.35,1.014,0
1,-1.35,1.0259999999999998,0
1,-1.35,1.0379999999999998,0
1,-1.35,1.0499999999999998,0
1,-1.35,1.0619999999999998,0
1,-1.35,1.0739999999999998,0
1,-1.35,1.0859999999999999,0
1,-1.35,1.0979999999999999,0
1,-1.35,1.1099999999999999,0
1,-1.35,1.1219999999999999,0
1,-1.35,1.134,0
1,-1.35,1.146,0
1,-1.35,1.158,0
1,-1.35,1.17,0
1,-1.35,1.182,0
1,-1.35,1.194,0
1,-1.35,1.206,0
1,-1.35,1.218,0
1,-1.35,1.23,0
1,-1.35,1.242,0
1,-1.35,1.254,0
1,-1.35,1.266,0
1,-1.35,1.278,0
1,-1.35,1.29,0
1,-1.35,1.302,0
1,-1.35,1.314,0
1,-1.35,1.326,0
1,-1.35,1.338,0
1,-1.35,1.35,0
1,-1.35,1.362,0
1,-1.35,1.374,0
1,-1.35,1.3860000000000001,0
1,-1.35,1.3980000000000001,0
1,-1.35,1.4100000000000001,0
1,-1.35,1.4220000000000002,0
1,-1.35,1.4340000000000002,0
1,-1.35,1.4460000000000002,0
1,-1.35,1.4580000000000002,0
1,-1.35,1.4700000000000002,0
1,-1.35,1.4820000000000002,0
1,-1.35,1.4940000000000002,0
1,-1.35,1.5060000000000002,0
1,-1.35,1.5180000000000002,0
1,-1.35,1.53,0
1,-1.35,1.5419999999999998,0
1,-1.35,1.5539999999999998,0
1,-1.35,1.5659999999999998,0
1,-1.35,1.5779999999999998,0
1,-1.35,1.5899999999999999,0
1,-1.35,1.6019999999999999,0
1,-1.35,1.6139999999999999,0
1,-1.35,1.626,0
1,-1.35,1.638,0
1,-1.35,1.65,0
1,-1.35,1.662,0
1,-1.35,1.674,0
1,-1.35,1.686,0
1,-1.35,1.698,0
1,-1.35,1.71,0
1,-1.35,1.722,0
1,-1.35,1.734,0
1,-1.35,1.746,0
1,-1.35,1.758,0
1,-1.35,1.77,0
1,-1.35,1.782,0
1,-1.35,1.794,0
2,-1.2,-1.794,0
2,-1.2,-1.782,0
2,-1.2,-1.77,0
2,-1.2,-1.758,0
2,-1.2,-1.746,0
2,-1.2,-1.734,0
2,-1.2,-1.722,0
2,-1.2,-1.71,0
2,-1.2,-1.698,0
2,-1.2,-1.686,0
2,-1.2,-1.6740000000000002,0
2,-1.2,-1.6620000000000001,0
2,-1.2,-1.6500000000000001,0
2,-1.2,-1.6380000000000001,0
2,-1.2,-1.6260000000000001,0
2,-1.2,-1.614,0
2,-1.2,-1.602,0
2,-1.2,-1.59,0
2,-1.2,-1.578,0
2,-1.2,-1.566,0
2,-1.2,-1.554,0
2,-1.2,-1.542,0
2,-1.2,-1.53,0
2,-1.2,-1.518,0
2,-1.2,-1.506,0
2,-1.2,-1.494,0
2,-1.2,-1.482,0
2,-1.2,-1.47,0
2,-1.2,-1.458,1
2,-1.2,-1.446,1
2,-1.2,-1.434,1
2,-1.2,-1.422,2
2,-1.2,-1.41,5
2,-1.2,-1.398,9
2,-1.2,-1.3860000000000001,14
2,-1.2,-1.374,16
2,-1.2,-1.362,44
2,-1.2,-1.35,75
2,-1.2,-1.338,123
2,-1.2,-1.326,197
2,-1.2,-1.314,294
2,-1.2,-1.302,421
2,-1.2,-1.29,609
2,-1.2,-1.278,807
2,-1.2,-1.266,1098
2,-1.2,-1.254,1393
2,-1.2,-1.242,1781
2,-1.2,-1.23,2254
2,-1.2,-1.218,2743
2,-1.2,-1.2060000000000002,3258
2,-1.2,-1.1940000000000002,3692
2,-1.2,-1.1820000000000002,4203
2,-1.2,-1.1700000000000002,4560
2,-1.2,-1.1580000000000001,5082
2,-1.2,-1.1460000000000001,5219
2,-1.2,-1.1340000000000001,5466
2,-1.2,-1.122,5587
2,-1.2,-1.11,5402
2,-1.2,-1.098,5321
2,-1.2,-1.086,5021
2,-1.2,-1.074,4718
2,-1.2,-1.062,4211
2,-1.2,-1.05,3834
2,-1.2,-1.038,3427
2,-1.2,-1.026,2931
2,-1.2,-1.014,2559
2,-1.2,-1.002,2069
2,-1.2,-0.99,1698
2,-1.2,-0.978,1341
2,-1.2,-0.966,1099
2,-1.2,-0.9540000000000001,907
2,-1.2,-0.9420000000000001,652
2,-1.2,-0.93,532
2,-1.2,-0.918,380
2,-1.2,-0.906,273
2,-1.2,-0.894,214
2,-1.2,-0.882,153
2,-1.2,-0.87,102
2,-1.2,-0.858,64
2,-1.2,-0.8460000000000001,46
2,-1.2,-0.8340000000000001,40
2,-1.2,-0.8220000000000001,16
2,-1.2,-0.81,16
2,-1.2,-0.798,6
2,-1.2,-0.786,7
2,-1.2,-0.774,4
2,-1.2,-0.762,2
2,-1.2,-0.75,0
2,-1.2,-0.738,0
2,-1.2,-0.726,0
2,-1.2,-0.714,0
2,-1.2,-0.702,0
2,-1.2,-0.69,0
2,-1.2,-0.6779999999999999,0
2,-1.2,-0.6659999999999999,0
2,-1.2,-0.6539999999999999,0
2,-1.2,-0.642,0
2,-1.2,-0.6300000000000001,0
2,-1.2,-0.6180000000000001,0
2,-1.2,-0.6060000000000001,0
2,-1.2,-0.5940000000000001,0
2,-1.2,-0.5820000000000001,0
2,-1.2,-0.5700000000000001,0
2,-1.2,-0.558,0
2,-1.2,-0.546,0
2,-1.2,-0.534,0
2,-1.2,-0.522,0
2,-1.2,-0.51,0
2,-1.2,-0.498,0
2,-1.2,-0.486,0
2,-1.2,-0.474,0
2,-1.2,-0.46199999999999997,0
2,-1.2,-0.44999999999999996,0
2,-1.2,-0.43799999999999994,0
2,-1.2,-0.42599999999999993,0
2,-1.2,-0.4139999999999999,0
2,-1.2,-0.4019999999999999,0
2,-1.2,-0.39,0
2,-1.2,-0.3780000000000001,0
2,-1.2,-0.3660000000000001,0
2,-1.2,-0.3540000000000001,0
2,-1.2,-0.3420000000000001,0
2,-1.2,-0.33000000000000007,0
2,-1.2,-0.31800000000000006,0
2,-1.2,-0.30600000000000005,0
2,-1.2,-0.29400000000000004,0
2,-1.2,-0.28200000000000003,0
2,-1.2,-0.27,0
2,-1.2,-0.258,0
2,-1.2,-0.246,0
2,-1.2,-0.23399999999999999,0
2,-1.2,-0.22199999999999998,0
2,-1.2,-0.20999999999999996,0
2,-1.2,-0.19799999999999995,0
2,-1.2,-0.18599999999999994,0
2,-1.2,-0.17399999999999993,0
2,-1.2,-0.16199999999999992,0
2,-1.2,-0.1499999999999999,0
2,-1.2,-0.138,0
2,-1.2,-0.1260000000000001,0
2,-1.2,-0.1140000000000001,0
2,-1.2,-0.10200000000000009,0
2,-1.2,-0.09000000000000008,0
2,-1.2,-0.07800000000000007,0
2,-1.2,-0.06600000000000006,0
2,-1.2,-0.05400000000000005,0
2,-1.2,-0.04200000000000004,0
2,-1.2,-0.030000000000000027,0
2,-1.2,-0.018000000000000016,0
2,-1.2,-0.006000000000000005,0
2,-1.2,0.006000000000000005,0
2,-1.2,0.018000000000000016,0
2,-1.2,0.030000000000000027,0
2,-1.2,0.04200000000000004,0
2,-1.2,0.05400000000000005,0
2,-1.2,0.06600000000000006,0
2,-1.2,0.07800000000000007,0
2,-1.2,0.09000000000000008,0
2,-1.2,0.10200000000000009,0
2,-1.2,0.11399999999999999,0
2,-1.2,0.1259999999999999,0
2,-1.2,0.1379999999999999,0
2,-1.2,0.1499999999999999,0
2,-1.2,0.16199999999999992,0
2,-1.2,0.17399999999999993,0
2,-1.2,0.18599999999999994,0
2,-1.2,0.19799999999999995,0
2,-1.2,0.20999999999999996,0
2,-1.2,0.22199999999999998,0
2,-1.2,0.23399999999999999,0
2,-1.2,0.246,0
2,-1.2,0.258,0
2,-1.2,0.27,0
2,-1.2,0.28200000000000003,0
2,-1.2,0.29400000000000004,0
2,-1.2,0.30600000000000005,0
2,-1.2,0.31800000000000006,0
2,-1.2,0.33000000000000007,0
2,-1.2,0.3420000000000001,0
2,-1.2,0.3540000000000001,0
2,-1.2,0.3660000000000001,0
2,-1.2,0.3780000000000001,0
2,-1.2,0.3900000000000001,0
2,-1.2,0.40200000000000014,0
2,-1.2,0.41400000000000015,0
2,-1.2,0.42600000000000016,0
2,-1.2,0.43800000000000017,0
2,-1.2,0.4500000000000002,0
2,-1.2,0.4620000000000002,0
2,-1.2,0.4740000000000002,0
2,-1.2,0.4860000000000002,0
2,-1.2,0.4980000000000002,0
2,-1.2,0.51,0
2,-1.2,0.5219999999999998,0
2,-1.2,0.5339999999999998,0
2,-1.2,0.5459999999999998,0
2,-1.2,0.5579999999999998,0
2,-1.2,0.5699999999999998,0
2,-1.2,0.5819999999999999,0
2,-1.2,0.5939999999999999,0
2,-1.2,0.6059999999999999,0
2,-1.2,0.6179999999999999,0
2,-1.2,0.6299999999999999,0
2,-1.2,0.6419999999999999,0
2,-1.2,0.6539999999999999,0
2,-1.2,0.6659999999999999,0
2,-1.2,0.6779999999999999,0
2,-1.2,0.69,0
2,-1.2,0.702,0
2,-1.2,0.714,0
2,-1.2,0.726,0
2,-1.2,0.738,0
2,-1.2,0.75,0
2,-1.2,0.762,0
2,-1.2,0.774,0
2,-1.2,0.786,0
2,-1.2,0.798,0
2,-1.2,0.81,0
2,-1.2,0.8220000000000001,0
2,-1.2,0.8340000000000001,0
2,-1.2,0.8460000000000001,0
2,-1.2,0.8580000000000001,0
2,-1.2,0.8700000000000001,0
2,-1.2,0.8820000000000001,0
2,-1.2,0.8940000000000001,0
2,-1.2,0.9060000000000001,0
2,-1.2,0.9180000000000001,0
2,-1.2,0.9300000000000002,0
2,-1.2,0.9420000000000002,0
2,-1.2,0.9540000000000002,0
2,-1.2,0.9660000000000002,0
2,-1.2,0.9780000000000002,0
2,-1.2,0.9900000000000002,0
2,-1.2,1.0020000000000002,0
2,-1.2,1.014,0
2,-1.2,1.0259999999999998,0
2,-1.2,1.0379999999999998,0
2,-1.2,1.0499999999999998,0
2,-1.2,1.0619999999999998,0
2,-1.2,1.0739999999999998,0
2,-1.2,1.0859999999999999,0
2,-1.2,1.0979999999999999,0
2,-1.2,1.1099999999999999,0
2,-1.2,1.1219999999999999,0
2,-1.2,1.134,0
2,-1.2,1.146,0
2,-1.2,1.158,0
2,-1.2,1.17,0
2,-1.2,1.182,0
2,-1.2,1.194,0
2,-1.2,1.206,0
2,-1.2,1.218,0
2,-1.2,1.23,0
2,-1.2,1.242,0
2,-1.2,1.254,0
2,-1.2,1.266,0
2,-1.2,1.278,0
2,-1.2,1.29,0
2,-1.2,1.302,0
2,-1.2,1.314,0
2,-1.2,1.326,0
2,-1.2,1.338,0
2,-1.2,1.35,0
2,-1.2,1.362,0
2,-1.2,1.374,0
2,-1.2,1.3860000000000001,0
2,-1.2,1.3980000000000001,0
2,-1.2,1.4100000000000001,0
2,-1.2,1.4220000000000002,0
2,-1.2,1.4340000000000002,0
2,-1.2,1.4460000000000002,0
2,-1.2,1.4580000000000002,0
2,-1.2,1.4700000000000002,0
2,-1.2,1.4820000000000002,0
2,-1.2,1.4940000000000002,0
2,-1.2,1.5060000000000002,0
2,-1.2,1.5180000000000002,0
2,-1.2,1.53,0
2,-1.2,1.5419999999999998,0
2,-1.2,1.5539999999999998,0
2,-1.2,1.5659999999999998,0
2,-1.2,1.5779999999999998,0
2,-1.2,1.5899999999999999,0
2,-1.2,1.6019999999999999,0
2,-1.2,1.6139999999999999,0
2,-1.2,1.626,0
2,-1.2,1.638,0
2,-1.2,1.65,0
2,-1.2,1.662,0
2,-1.2,1.674,0
2,-1.2,1.686,0
2,-1.2,1.698,0
2,-1.2,1.71,0
2,-1.2,1.722,0
2,-1.2,1.734,0
2,-1.2,1.746,0
2,-1.2,1.758,0
2,-1.2,1.77,0
2,-1.2,1.782,0
2,-1.2,1.794,0
3,-1.05,-1.794,0
3,-1.05,-1.782,0
3,-1.05,-1.77,0
3,-1.05,-1.758,0
3,-1.05,-1.746,0
3,-1.05,-1.734,0
3,-1.05,-1.722,0
3,-1.05,-1.71,0
3,-1.05,-1.698,0
3,-1.05,-1.686,0
3,-1.05,-1.6740000000000002,0
3,-1.05,-1.6620000000000001,0
3,-1.05,-1.6500000000000001,0
3,-1.05,-1.6380000000000001,0
3,-1.05,-1.6260000000000001,0
3,-1.05,-1.614,0
3,-1.05,-1.602,0
3,-1.05,-1.59,0
3,-1.05,-1.578,0
3,-1.05,-1.566,0
3,-1.05,-1.554,0
3,-1.05,-1.542,0
3,-1.05,-1.53,0
3,-1.05,-1.518,0
3,-1.05,-1.506,0
3,-1.05,-1.494,0
3,-1.05,-1.482,0
3,-1.05,-1.47,0
3,-1.05,-1.458,0
3,-1.05,-1.446,0
3,-1.05,-1.434,0
3,-1.05,-1.422,0
3,-1.05,-1.41,0
3,-1.05,-1.398,1
3,-1.05,-1.3860000000000001,0
3,-1.05,-1.374,2
3,-1.05,-1.362,4
3,-1.05,-1.35,8
3,-1.05,-1.338,15
3,-1.05,-1.326,26
3,-1.05,-1.314,31
3,-1.05,-1.302,57
3,-1.05,-1.29,102
3,-1.05,-1.278,126
3,-1.05,-1.266,180
3,-1.05,-1.254,274
3,-1.05,-1.242,417
3,-1.05,-1.23,571
3,-1.05,-1.218,794
3,-1.05,-1.2060000000000002,1032
3,-1.05,-1.1940000000000002,1399
3,-1.05,-1.1820000000000002,1753
3,-1.05,-1.1700000000000002,2117
3,-1.05,-1.1580000000000001,2532
3,-1.05,-1.1460000000000001,2944
3,-1.05,-1.1340000000000001,3391
3,-1.05,-1.122,3888
3,-1.05,-1.11,4442
3,-1.05,-1.098,4670
3,-1.05,-1.086,4972
3,-1.05,-1.074,5171
3,-1.05,-1.062,5257
3,-1.05,-1.05,5232
3,-1.05,-1.038,5086
3,-1.05,-1.026,4837
3,-1.05,-1.014,4703
3,-1.05,-1.002,4268
3,-1.05,-0.99,4055
3,-1.05,-0.978,3657
3,-1.05,-0.966,3190
3,-1.05,-0.9540000000000001,2801
3,-1.05,-0.9420000000000001,2415
3,-1.05,-0.93,1985
3,-1.05,-0.918,1644
3,-1.05,-0.906,1397
3,-1.05,-0.894,1017
3,-1.05,-0.882,863
3,-1.05,-0.87,686
3,-1.05,-0.858,518
3,-1.05,-0.8460000000000001,380
3,-1.05,-0.8340000000000001,348
3,-1.05,-0.8220000000000001,217
3,-1.05,-0.81,150
3,-1.05,-0.798,109
3,-1.05,-0.786,84
3,-1.05,-0.774,49
3,-1.05,-0.762,49
3,-1.05,-0.75,21
3,-1.05,-0.738,25
3,-1.05,-0.726,8
3,-1.05,-0.714,13
3,-1.05,-0.702,8
3,-1.05,-0.69,4
3,-1.05,-0.6779999999999999,3
3,-1.05,-0.6659999999999999,2
3,-1.05,-0.6539999999999999,0
3,-1.05,-0.642,0
3,-1.05,-0.6300000000000001,0
3,-1.05,-0.6180000000000001,0
3,-1.05,-0.6060000000000001,0
3,-1.05,-0.5940000000000001,0
3,-1.05,-0.5820000000000001,0
3,-1.05,-0.5700000000000001,0
3,-1.05,-0.558,0
3,-1.05,-0.546,0
3,-1.05,-0.534,0
3,-1.05,-0.522,0
3,-1.05,-0.51,0
3,-1.05,-0.498,0
3,-1.05,-0.486,0
3,-1.05,-0.474,0
3,-1.05,-0.46199999999999997,0
3,-1.05,-0.44999999999999996,0
3,-1.05,-0.43799999999999994,0
3,-1.05,-0.42599999999999993,0
3,-1.05,-0.4139999999999999,0
3,-1.05,-0.4019999999999999,0
3,-1.05,-0.39,0
3,-1.05,-0.3780000000000001,0
3,-1.05,-0.3660000000000001,0
3,-1.05,-0.3540000000000001,0
3,-1.05,-0.3420000000000001,0
3,-1.05,-0.33000000000000007,0
3,-1.05,-0.31800000000000006,0
3,-1.05,-0.30600000000000005,0
3,-1.05,-0.29400000000000004,0
3,-1.05,-0.28200000000000003,0
3,-1.05,-0.27,0
3,-1.05,-0.258,0
3,-1.05,-0.246,0
3,-1.05,-0.23399999999999999,0
3,-1.05,-0.22199999999999998,0
3,-1.05,-0.20999999999999996,0
3,-1.05,-0.19799999999999995,0
3,-1.05,-0.18599999999999994,0
3,-1.05,-0.17399999999999993,0
3,-1.05,-0.16199999999999992,0
3,-1.05,-0.1499999999999999,0
3,-1.05,-0.138,0
3,-1.05,-0.1260000000000001,0
3,-1.05,-0.1140000000000001,0
3,-1.05,-0.10200000000000009,0
3,-1.05,-0.09000000000000008,0
3,-1.05,-0.07800000000000007,0
3,-1.05,-0.06600000000000006,0
3,-1.05,-0.05400000000000005,0
3,-1.05,-0.04200000000000004,0
3,-1.05,-0.030000000000000027,0
3,-1.05,-0.018000000000000016,0
3,-1.05,-0.006000000000000005,0
3,-1.05,0.006000000000000005,0
3,-1.05,0.018000000000000016,0
3,-1.05,0.030000000000000027,0
3,-1.05,0.04200000000000004,0
3,-1.05,0.05400000000000005,0
3,-1.05,0.06600000000000006,0
3,-1.05,0.07800000000000007,0
3,-1.05,0.09000000000000008,0
3,-1.05,0.10200000000000009,0
3,-1.05,0.11399999999999999,0
3,-1.05,0.1259999999999999,0
3,-1.05,0.1379999999999999,0
3,-1.05,0.1499999999999999,0
3,-1.05,0.16199999999999992,0
3,-1.05,0.17399999999999993,0
3,-1.05,0.18599999999999994,0
3,-1.05,0.19799999999999995,0
3,-1.05,0.20999999999999996,0
3,-1.05,0.22199999999999998,0
3,-1.05,0.23399999999999999,0
3,-1.05,0.246,0
3,-1.05,0.258,0
3,-1.05,0.27,0
3,-1.05,0.28200000000000003,0
3,-1.05,0.29400000000000004,0
3,-1.05,0.30600000000000005,0
3,-1.05,0.31800000000000006,0
3,-1.05,0.33000000000000007,0
3,-1.05,0.3420000000000001,0
3,-1.05,0.3540000000000001,0
3,-1.05,0.3660000000000001,0
3,-1.05,0.3780000000000001,0
3,-1.05,0.3900000000000001,0
3,-1.05,0.40200000000000014,0
3,-1.05,0.41400000000000015,0
3,-1.05,0.42600000000000016,0
3,-1.05,0.43800000000000017,0
3,-1.05,0.4500000000000002,0
3,-1.05,0.4620000000000002,0
3,-1.05,0.4740000000000002,0
3,-1.05,0.4860000000000002,0
3,-1.05,0.4980000000000002,0
3,-1.05,0.51,0
3,-1.05,0.5219999999999998,0
3,-1.05,0.5339999999999998,0
3,-1.05,0.5459999999999998,0
3,-1.05,0.5579999999999998,0
3,-1.05,0.5699999999999998,0
3,-1.05,0.5819999999999999,0
3,-1.05,0.5939999999999999,0
3,-1.05,0.6059999999999999,0
3,-1.05,0.6179999999999999,0
3,-1.05,0.6299999999999999,0
3,-1.05,0.6419999999999999,0
3,-1.05,0.6539999999999999,0
3,-1.05,0.6659999999999999,0
3,-1.05,0.6779999999999999,0
3,-1.05,0.69,0
3,-1.05,0.702,0
3,-1.05,0.714,0
3,-1.05,0.726,0
3,-1.05,0.738,0
3,-1.05,0.75,0
3,-1.05,0.762,0
3,-1.05,0.774,0
3,-1.05,0.786,0
3,-1.05,0.798,0
3,-1.05,0.81,0
3,-1.05,0.8220000000000001,0
3,-1.05,0.8340000000000001,0
3,-1.05,0.8460000000000001,0
3,-1.05,0.8580000000000001,0
3,-1.05,0.8700000000000001,0
3,-1.05,0.8820000000000001,0
3,-1.05,0.8940000000000001,0
3,-1.05,0.9060000000000001,0
3,-1.05,0.9180000000000001,0
3,-1.05,0.9300000000000002,0
3,-1.05,0.9420000000000002,0
3,-1.05,0.9540000000000002,0
3,-1.05,0.9660000000000002,0
3,-1.05,0.9780000000000002,0
3,-1.05,0.9900000000000002,0
3,-1.05,1.0020000000000002,0
3,-1.05,1.014,0
3,-1.05,1.0259999999999998,0
3,-1.05,1.0379999999999998,0
3,-1.05,1.0499999999999998,0
3,-1.05,1.0619999999999998,0
3,-1.05,1.0739999999999998,0
3,-1.05,1.0859999999999999,0
3,-1.05,1.0979999999999999,0
3,-1.05,1.1099999999999999,0
3,-1.05,1.1219999999999999,0
3,-1.05,1.134,0
3,-1.05,1.146,0
3,-1.05,1.158,0
3,-1.05,1.17,0
3,-1.05,1.182,0
3,-1.05,1.194,0
3,-1.05,1.206,0
3,-1.05,1.218,0
3,-1.05,1.23,0
3,-1.05,1.242,0
3,-1.05,1.254,0
3,-1.05,1.266,0
3,-1.05,1.278,0
3,-1.05,1.29,0
3,-1.05,1.302,0
3,-1.05,1.314,0
3,-1.05,1.326,0
3,-1.05,1.338,0
3,-1.05,1.35,0
3,-1.05,1.362,0
3,-1.05,1.374,0
3,-1.05,1.3860000000000001,0
3,-1.05,1.3980000000000001,0
3,-1.05,1.4100000000000001,0
3,-1.05,1.4220000000000002,0
3,-1.05,1.4340000000000002,0
3,-1.05,1.4460000000000002,0
3,-1.05,1.4580000000000002,0
3,-1.05,1.4700000000000002,0
3,-1.05,1.4820000000000002,0
3,-1.05,1.4940000000000002,0
3,-1.05,1.5060000000000002,0
3,-1.05,1.5180000000000002,0
3,-1.05,1.53,0
3,-1.05,1.5419999999999998,0
3,-1.05,1.5539999999999998,0
3,-1.05,1.5659999999999998,0
3,-1.05,1.5779999999999998,0
3,-1.05,1.5899999999999999,0
3,-1.05,1.6019999999999999,0
3,-1.05,1.6139999999999999,0
3,-1.05,1.626,0
3,-1.05,1.638,0
3,-1.05,1.65,0
3,-1.05,1.662,0
3,-1.05,1.674,0
3,-1.05,1.686,0
3,-1.05,1.698,0
3,-1.05,1.71,0
3,-1.05,1.722,0
3,-1.05,1.734,0
3,-1.05,1.746,0
3,-1.05,1.758,0
3,-1.05,1.77,0
3,-1.05,1.782,0
3,-1.05,1.794,0
4,-0.9,-1.794,0
4,-0.9,-1.782,0
4,-0.9,-1.77,0
4,-0.9,-1.758,0
4,-0.9,-1.746,0
4,-0.9,-1.734,0
4,-0.9,-1.722,0
4,-0.9,-1.71,0
4,-0.9,-1.698,0
4,-0.9,-1.686,0
4,-0.9,-1.6740000000000002,0
4,-0.9,-1.6620000000000001,0
4,-0.9,-1.6500000000000001,0
4,-0.9,-1.6380000000000001,0
4,-0.9,-1.6260000000000001,0
4,-0.9,-1.614,0
4,-0.9,-1.602,0
4,-0.9,-1.59,0
4,-0.9,-1.578,0
4,-0.9,-1.566,0
4,-0.9,-1.554,0
4,-0.9,-1.542,0
4,-0.9,-1.53,0
4,-0.9,-1.518,0
4,-0.9,-1.506,0
4,-0.9,-1.494,0
4,-0.9,-1.482,0
4,-0.9,-1.47,0
4,-0.9,-1.458,0
4,-0.9,-1.446,0
4,-0.9,-1.434,0
4,-0.9,-1.422,0
4,-0.9,-1.41,0
4,-0.9,-1.398,0
4,-0.9,-1.3860000000000001,0
4,-0.9,-1.374,0
4,-0.9,-1.362,0
4,-0.9,-1.35,1
4,-0.9,-1.338,1
4,-0.9,-1.326,1
4,-0.9,-1.314,3
4,-0.9,-1.302,10
4,-0.9,-1.29,6
4,-0.9,-1.278,27
4,-0.9,-1.266,23
4,-0.9,-1.254,33
4,-0.9,-1.242,44
4,-0.9,-1.23,87
4,-0.9,-1.218,139
4,-0.9,-1.2060000000000002,192
4,-0.9,-1.1940000000000002,271
4,-0.9,-1.1820000000000002,391
4,-0.9,-1.1700000000000002,533
4,-0.9,-1.1580000000000001,716
4,-0.9,-1.1460000000000001,886
4,-0.9,-1.1340000000000001,1161
4,-0.9,-1.122,1476
4,-0.9,-1.11,1787
4,-0.9,-1.098,2111
4,-0.9,-1.086,2572
4,-0.9,-1.074,2972
4,-0.9,-1.062,3408
4,-0.9,-1.05,3782
4,-0.9,-1.038,4125
4,-0.9,-1.026,4258
4,-0.9,-1.014,4831
4,-0.9,-1.002,4941
4,-0.9,-0.99,4887
4,-0.9,-0.978,4995
4,-0.9,-0.966,5010
4,-0.9,-0.9540000000000001,4711
4,-0.9,-0.9420000000000001,4469
4,-0.9,-0.93,4158
4,-0.9,-0.918,3865
4,-0.9,-0.906,3569
4,-0.9,-0.894,3076
4,-0.9,-0.882,2829
4,-0.9,-0.87,2434
4,-0.9,-0.858,2118
4,-0.9,-0.8460000000000001,1825
4,-0.9,-0.8340000000000001,1515
4,-0.9,-0.8220000000000001,1243
4,-0.9,-0.81,953
4,-0.9,-0.798,762
4,-0.9,-0.786,718
4,-0.9,-0.774,491
4,-0.9,-0.762,392
4,-0.9,-0.75,302
4,-0.9,-0.738,240
4,-0.9,-0.726,182
4,-0.9,-0.714,129
4,-0.9,-0.702,109
4,-0.9,-0.69,66
4,-0.9,-0.6779999999999999,57
4,-0.9,-0.6659999999999999,25
4,-0.9,-0.6539999999999999,20
4,-0.9,-0.642,22
4,-0.9,-0.6300000000000001,11
4,-0.9,-0.6180000000000001,8
4,-0.9,-0.6060000000000001,12
4,-0.9,-0.5940000000000001,4
4,-0.9,-0.5820000000000001,3
4,-0.9,-0.5700000000000001,1
4,-0.9,-0.558,0
4,-0.9,-0.546,1
4,-0.9,-0.534,0
4,-0.9,-0.522,0
4,-0.9,-0.51,0
4,-0.9,-0.498,0
4,-0.9,-0.486,0
4,-0.9,-0.474,0
4,-0.9,-0.46199999999999997,0
4,-0.9,-0.44999999999999996,0
4,-0.9,-0.43799999999999994,0
4,-0.9,-0.42599999999999993,0
4,-0.9,-0.4139999999999999,0
4,-0.9,-0.4019999999999999,0
4,-0.9,-0.39,0
4,-0.9,-0.3780000000000001,0
4,-0.9,-0.3660000000000001,0
4,-0.9,-0.3540000000000001,0
4,-0.9,-0.3420000000000001,0
4,-0.9,-0.33000000000000007,0
4,-0.9,-0.31800000000000006,0
4,-0.9,-0.30600000000000005,0
4,-0.9,-0.29400000000000004,0
4,-0.9,-0.28200000000000003,0
4,-0.9,-0.27,0
4,-0.9,-0.258,0
4,-0.9,-0.246,0
4,-0.9,-0.23399999999999999,0
4,-0.9,-0.22199999999999998,0
4,-0.9,-0.20999999999999996,0
4,-0.9,-0.19799999999999995,0
4,-0.9,-0.18599999999999994,0
4,-0.9,-0.17399999999999993,0
4,-0.9,-0.16199999999999992,0
4,-0.9,-0.1499999999999999,0
4,-0.9,-0.138,0
4,-0.9,-0.1260000000000001,0
4,-0.9,-0.1140000000000001,0
4,-0.9,-0.10200000000000009,0
4,-0.9,-0.09000000000000008,0
4,-0.9,-0.07800000000000007,0
4,-0.9,-0.06600000000000006,0
4,-0.9,-0.05400000000000005,0
4,-0.9,-0.04200000000000004,0
4,-0.9,-0.030000000000000027,0
4,-0.9,-0.018000000000000016,0
4,-0.9,-0.006000000000000005,0
4,-0.9,0.006000000000000005,0
4,-0.9,0.018000000000000016,0
4,-0.9,0.030000000000000027,0
4,-0.9,0.04200000000000004,0
4,-0.9,0.05400000000000005,0
4,-0.9,0.06600000000000006,0
4,-0.9,0.07800000000000007,0
4,-0.9,0.09000000000000008,0
4,-0.9,0.10200000000000009,0
4,-0.9,0.11399999999999999,0
4,-0.9,0.1259999999999999,0
4,-0.9,0.1379999999999999,0
4,-0.9,0.1499999999999999,0
4,-0.9,0.16199999999999992,0
4,-0.9,0.17399999999999993,0
4,-0.9,0.18599999999999994,0
4,-0.9,0.19799999999999995,0
4,-0.9,0.20999999999999996,0
4,-0.9,0.22199999999999998,0
4,-0.9,0.23399999999999999,0
4,-0.9,0.246,0
4,-0.9,0.258,0
4,-0.9,0.27,0
4,-0.9,0.28200000000000003,0
4,-0.9,0.29400000000000004,0
4,-0.9,0.30600000000000005,0
4,-0.9,0.31800000000000006,0
4,-0.9,0.33000000000000007,0
4,-0.9,0.3420000000000001,0
4,-0.9,0.3540000000000001,0
4,-0.9,0.3660000000000001,0
4,-0.9,0.3780000000000001,0
4,-0.9,0.3900000000000001,0
4,-0.9,0.40200000000000014,0
4,-0.9,0.41400000000000015,0
4,-0.9,0.42600000000000016,0
4,-0.9,0.43800000000000017,0
4,-0.9,0.4500000000000002,0
4,-0.9,0.4620000000000002,0
4,-0.9,0.4740000000000002,0
4,-0.9,0.4860000000000002,0
4,-0.9,0.4980000000000002,0
4,-0.9,0.51,0
4,-0.9,0.5219999999999998,0
4,-0.9,0.5339999999999998,0
4,-0.9,0.5459999999999998,0
4,-0.9,0.5579999999999998,0
4,-0.9,0.5699999999999998,0
4,-0.9,0.5819999999999999,0
4,-0.9,0.5939999999999999,0
4,-0.9,0.6059999999999999,0
4,-0.9,0.6179999999999999,0
4,-0.9,0.6299999999999999,0
4,-0.9,0.6419999999999999,0
4,-0.9,0.6539999999999999,0
4,-0.9,0.6659999999999999,0
4,-0.9,0.6779999999999999,0
4,-0.9,0.69,0
4,-0.9,0.702,0
4,-0.9,0.714,0
4,-0.9,0.726,0
4,-0.9,0.738,0
4,-0.9,0.75,0
4,-0.9,0.762,0
4,-0.9,0.774,0
4,-0.9,0.786,0
4,-0.9,0.798,0
4,-0.9,0.81,0
4,-0.9,0.8220000000000001,0
4,-0.9,0.8340000000000001,0
4,-0.9,0.8460000000000001,0
4,-0.9,0.8580000000000001,0
4,-0.9,0.8700000000000001,0
4,-0.9,0.8820000000000001,0
4,-0.9,0.8940000000000001,0
4,-0.9,0.9060000000000001,0
4,-0.9,0.9180000000000001,0
4,-0.9,0.9300000000000002,0
4,-0.9,0.9420000000000002,0
4,-0.9,0.9540000000000002,0
4,-0.9,0.9660000000000002,0
4,-0.9,0.9780000000000002,0
4,-0.9,0.9900000000000002,0
4,-0.9,1.0020000000000002,0
4,-0.9,1.014,0
4,-0.9,1.0259999999999998,0
4,-0.9,1.0379999999999998,0
4,-0.9,1.0499999999999998,0
4,-0.9,1.0619999999999998,0
4,-0.9,1.0739999999999998,0
4,-0.9,1.0859999999999999,0
4,-0.9,1.0979999999999999,0
4,-0.9,1.1099999999999999,0
4,-0.9,1.1219999999999999,0
4,-0.9,1.134,0
4,-0.9,1.146,0
4,-0.9,1.158,0
4,-0.9,1.17,0
4,-0.9,1.182,0
4,-0.9,1.194,0
4,-0.9,1.206,0
4,-0.9,1.218,0
4,-0.9,1.23,0
4,-0.9,1.242,0
4,-0.9,1.254,0
4,-0.9,1.266,0
4,-0.9,1.278,0
4,-0.9,1.29,0
4,-0.9,1.302,0
4,-0.9,1.314,0
4,-0.9,1.326,0
4,-0.9,1.338,0
4,-0.9,1.35,0
4,-0.9,1.362,0
4,-0.9,1.374,0
4,-0.9,1.3860000000000001,0
4,-0.9,1.3980000000000001,0
4,-0.9,1.4100000000000001,0
4,-0.9,1.4220000000000002,0
4,-0.9,1.4340000000000002,0
4,-0.9,1.4460000000000002,0
4,-0.9,1.4580000000000002,0
4,-0.9,1.4700000000000002,0
4,-0.9,1.4820000000000002,0
4,-0.9,1.4940000000000002,0
4,-0.9,1.5060000000000002,0
4,-0.9,1.5180000000000002,0
4,-0.9,1.53,0
4,-0.9,1.5419999999999998,0
4,-0.9,1.5539999999999998,0
4,-0.9,1.5659999999999998,0
4,-0.9,1.5779999999999998,0
4,-0.9,1.5899999999999999,0
4,-0.9,1.6019999999999999,0
4,-0.9,1.6139999999999999,0
4,-0.9,1.626,0
4,-0.9,1.638,0
4,-0.9,1.65,0
4,-0.9,1.662,0
4,-0.9,1.674,0
4,-0.9,1.686,0
4,-0.9,1.698,0
4,-0.9,1.71,0
4,-0.9,1.722,0
4,-0.9,1.734,0
4,-0.9,1.746,0
4,-0.9,1.758,0
4,-0.9,1.77,0
4,-0.9,1.782,0
4,-0.9,1.794,0
5,-0.75,-1.794,0
5,-0.75,-1.782,0
5,-0.75,-1.77,0
5,-0.75,-1.758,0
5,-0.75,-1.746,0
5,-0.75,-1.734,0
5,-0.75,-1.722,0
5,-0.75,-1.71,0
5,-0.75,-1.698,0
5,-0.75,-1.686,0
5,-0.75,-1.6740000000000002,0
5,-0.75,-1.6620000000000001,0
5,-0.75,-1.6500000000000001,0
5,-0.75,-1.6380000000000001,0
5,-0.75,-1.6260000000000001,0
5,-0.75,-1.614,0
5,-0.75,-1.602,0
5,-0.75,-1.59,0
5,-0.75,-1.578,0
5,-0.75,-1.566,0
5,-0.75,-1.554,0
5,-0.75,-1.542,0
5,-0.75,-1.53,0
5,-0.75,-1.518,0
5,-0.75,-1.506,0
5,-0.75,-1.494,0
5,-0.75,-1.482,0
5,-0.75,-1.47,0
5,-0.75,-1.458,0
5,-0.75,-1.446,0
5,-0.75,-1.434,0
5,-0.75,-1.422,0
5,-0.75,-1.41,0
5,-0.75,-1.398,0
5,-0.75,-1.3860000000000001,0
5,-0.75,-1.374,0
5,-0.75,-1.362,0
5,-0.75,-1.35,0
5,-0.75,-1.338,0
5,-0.75,-1.326,0
5,-0.75,-1.314,0
5,-0.75,-1.302,0
5,-0.75,-1.29,0
5,-0.75,-1.278,1
5,-0.75,-1.266,3
5,-0.75,-1.254,1
5,-0.75,-1.242,4
5,-0.75,-1.23,10
5,-0.75,-1.218,10
5,-0.75,-1.2060000000000002,11
5,-0.75,-1.1940000000000002,34
5,-0.75,-1.1820000000000002,30
5,-0.75,-1.1700000000000002,73
5,-0.75,-1.1580000000000001,95
5,-0.75,-1.1460000000000001,117
5,-0.75,-1.1340000000000001,194
5,-0.75,-1.122,267
5,-0.75,-1.11,420
5,-0.75,-1.098,528
5,-0.75,-1.086,664
5,-0.75,-1.074,828
5,-0.75,-1.062,1090
5,-0.75,-1.05,1307
5,-0.75,-1.038,1702
5,-0.75,-1.026,1954
5,-0.75,-1.014,2253
5,-0.75,-1.002,2625
5,-0.75,-0.99,3125
5,-0.75,-0.978,3307
5,-0.75,-0.966,3727
5,-0.75,-0.9540000000000001,3975
5,-0.75,-0.9420000000000001,4294
5,-0.75,-0.93,4488
5,-0.75,-0.918,4553
5,-0.75,-0.906,4605
5,-0.75,-0.894,4702
5,-0.75,-0.882,4550
5,-0.75,-0.87,4297
5,-0.75,-0.858,4398
5,-0.75,-0.8460000000000001,3910
5,-0.75,-0.8340000000000001,3641
5,-0.75,-0.8220000000000001,3336
5,-0.75,-0.81,3116
5,-0.75,-0.798,2758
5,-0.75,-0.786,2493
5,-0.75,-0.774,2247
5,-0.75,-0.762,1818
5,-0.75,-0.75,1620
5,-0.75,-0.738,1297
5,-0.75,-0.726,1066
5,-0.75,-0.714,926
5,-0.75,-0.702,762
5,-0.75,-0.69,603
5,-0.75,-0.6779999999999999,486
5,-0.75,-0.6659999999999999,392
5,-0.75,-0.6539999999999999,319
5,-0.75,-0.642,233
5,-0.75,-0.6300000000000001,209
5,-0.75,-0.6180000000000001,137
5,-0.75,-0.6060000000000001,94
5,-0.75,-0.5940000000000001,66
5,-0.75,-0.5820000000000001,71
5,-0.75,-0.5700000000000001,42
5,-0.75,-0.558,26
5,-0.75,-0.546,34
5,-0.75,-0.534,18
5,-0.75,-0.522,13
5,-0.75,-0.51,10
5,-0.75,-0.498,2
5,-0.75,-0.486,3
5,-0.75,-0.474,6
5,-0.75,-0.46199999999999997,2
5,-0.75,-0.44999999999999996,1
5,-0.75,-0.43799999999999994,0
5,-0.75,-0.42599999999999993,0
5,-0.75,-0.4139999999999999,0
5,-0.75,-0.4019999999999999,0
5,-0.75,-0.39,0
5,-0.75,-0.3780000000000001,1
5,-0.75,-0.3660000000000001,0
5,-0.75,-0.3540000000000001,0
5,-0.75,-0.3420000000000001,0
5,-0.75,-0.33000000000000007,0
5,-0.75,-0.31800000000000006,0
5,-0.75,-0.30600000000000005,0
5,-0.75,-0.29400000000000004,0
5,-0.75,-0.28200000000000003,0
5,-0.75,-0.27,0
5,-0.75,-0.258,0
5,-0.75,-0.246,0
5,-0.75,-0.23399999999999999,0
5,-0.75,-0.22199999999999998,0
5,-0.75,-0.20999999999999996,0
5,-0.75,-0.19799999999999995,0
5,-0.75,-0.18599999999999994,0
5,-0.75,-0.17399999999999993,0
5,-0.75,-0.16199999999999992,0
5,-0.75,-0.1499999999999999,0
5,-0.75,-0.138,0
5,-0.75,-0.1260000000000001,0
5,-0.75,-0.1140000000000001,0
5,-0.75,-0.10200000000000009,0
5,-0.75,-0.09000000000000008,0
5,-0.75,-0.07800000000000007,0
5,-0.75,-0.06600000000000006,0
5,-0.75,-0.05400000000000005,0
5,-0.75,-0.04200000000000004,0
5,-0.75,-0.030000000000000027,0
5,-0.75,-0.018000000000000016,0
5,-0.75,-0.006000000000000005,0
5,-0.75,0.006000000000000005,0
5,-0.75,0.018000000000000016,0
5,-0.75,0.030000000000000027,0
5,-0.75,0.04200000000000004,0
5,-0.75,0.05400000000000005,0
5,-0.75,0.06600000000000006,0
5,-0.75,0.07800000000000007,0
5,-0.75,0.09000000000000008,0
5,-0.75,0.10200000000000009,0
5,-0.75,0.11399999999999999,0
5,-0.75,0.1259999999999999,0
5,-0.75,0.1379999999999999,0
5,-0.75,0.1499999999999999,0
5,-0.75,0.16199999999999992,0
5,-0.75,0.17399999999999993,0
5,-0.75,0.18599999999999994,0
5,-0.75,0.19799999999999995,0
5,-0.75,0.20999999999999996,0
5,-0.75,0.22199999999999998,0
5,-0.75,0.23399999999999999,0
5,-0.75,0.246,0
5,-0.75,0.258,0
5,-0.75,0.27,0
5,-0.75,0.28200000000000003,0
5,-0.75,0.29400000000000004,0
5,-0.75,0.30600000000000005,0
5,-0.75,0.31800000000000006,0
5,-0.75,0.33000000000000007,0
5,-0.75,0.3420000000000001,0
5,-0.75,0.3540000000000001,0
5,-0.75,0.3660000000000001,0
5,-0.75,0.3780000000000001,0
5,-0.75,0.3900000000000001,0
5,-0.75,0.40200000000000014,0
5,-0.75,0.41400000000000015,0
5,-0.75,0.42600000000000016,0
5,-0.75,0.43800000000000017,0
5,-0.75,0.4500000000000002,0
5,-0.75,0.4620000000000002,0
5,-0.75,0.4740000000000002,0
5,-0.75,0.4860000000000002,0
5,-0.75,0.4980000000000002,0
5,-0.75,0.51,0
5,-0.75,0.5219999999999998,0
5,-0.75,0.5339999999999998,0
5,-0.75,0.5459999999999998,0
5,-0.75,0.5579999999999998,0
5,-0.75,0.5699999999999998,0
5,-0.75,0.5819999999999999,0
5,-0.75,0.5939999999999999,0
5,-0.75,0.6059999999999999,0
5,-0.75,0.6179999999999999,0
5,-0.75,0.6299999999999999,0
5,-0.75,0.6419999999999999,0
5,-0.75,0.6539999999999999,0
5,-0.75,0.6659999999999999,0
5,-0.75,0.6779999999999999,0
5,-0.75,0.69,0
5,-0.75,0.702,0
5,-0.75,0.714,0
5,-0.75,0.726,0
5,-0.75,0.738,0
5,-0.75,0.75,0
5,-0.75,0.762,0
5,-0.75,0.774,0
5,-0.75,0.786,0
5,-0.75,0.798,0
5,-0.75,0.81,0
5,-0.75,0.8220000000000001,0
5,-0.75,0.8340000000000001,0
5,-0.75,0.8460000000000001,0
5,-0.75,0.8580000000000001,0
5,-0.75,0.8700000000000001,0
5,-0.75,0.8820000000000001,0
5,-0.75,0.8940000000000001,0
5,-0.75,0.9060000000000001,0
5,-0.75,0.9180000000000001,0
5,-0.75,0.9300000000000002,0
5,-0.75,0.9420000000000002,0
5,-0.75,0.9540000000000002,0
5,-0.75,0.9660000000000002,0
5,-0.75,0.9780000000000002,0
5,-0.75,0.9900000000000002,0
5,-0.75,1.0020000000000002,0
5,-0.75,1.014,0
5,-0.75,1.0259999999999998,0
5,-0.75,1.0379999999999998,0
5,-0.75,1.0499999999999998,0
5,-0.75,1.0619999999999998,0
5,-0.75,1.0739999999999998,0
5,-0.75,1.0859999999999999,0
5,-0.75,1.0979999999999999,0
5,-0.75,1.1099999999999999,0
5,-0.75,1.1219999999999999,0
5,-0.75,1.134,0
5,-0.75,1.146,0
5,-0.75,1.158,0
5,-0.75,1.17,0
5,-0.75,1.182,0
5,-0.75,1.194,0
5,-0.75,1.206,0
5,-0.75,1.218,0
5,-0.75,1.23,0
5,-0.75,1.242,0
5,-0.75,1.254,0
5,-0.75,1.266,0
5,-0.75,1.278,0
5,-0.75,1.29,0
5,-0.75,1.302,0
5,-0.75,1.314,0
5,-0.75,1.326,0
5,-0.75,1.338,0
5,-0.75,1.35,0
5,-0.75,1.362,0
5,-0.75,1.374,0
5,-0.75,1.3860000000000001,0
5,-0.75,1.3980000000000001,0
5,-0.75,1.4100000000000001,0
5,-0.75,1.4220000000000002,0
5,-0.75,1.4340000000000002,0
5,-0.75,1.4460000000000002,0
5,-0.75,1.4580000000000002,0
5,-0.75,1.4700000000000002,0
5,-0.75,1.4820000000000002,0
5,-0.75,1.4940000000000002,0
5,-0.75,1.5060000000000002,0
5,-0.75,1.5180000000000002,0
5,-0.75,1.53,0
5,-0.75,1.5419999999999998,0
5,-0.75,1.5539999999999998,0
5,-0.75,1.5659999999999998,0
5,-0.75,1.5779999999999998,0
5,-0.75,1.5899999999999999,0
5,-0.75,1.6019999999999999,0
5,-0.75,1.6139999999999999,0
5,-0.75,1.626,0
5,-0.75,1.638,0
5,-0.75,1.65,0
5,-0.75,1.662,0
5,-0.75,1.674,0
5,-0.75,1.686,0
5,-0.75,1.698,0
5,-0.75,1.71,0
5,-0.75,1.722,0
5,-0.75,1.734,0
5,-0.75,1.746,0
5,-0.75,1.758,0
5,-0.75,1.77,0
5,-0.75,1.782,0
5,-0.75,1.794,0
6,-0.6000000000000001,-1.794,0
6,-0.6000000000000001,-1.782,0
6,-0.6000000000000001,-1.77,0
6,-0.6000000000000001,-1.758,0
6,-0.6000000000000001,-1.746,0
6,-0.6000000000000001,-1.734,0
6,-0.6000000000000001,-1.722,0
6,-0.6000000000000001,-1.71,0
6,-0.6000000000000001,-1.698,0
6,-0.6000000000000001,-1.686,0
6,-0.6000000000000001,-1.6740000000000002,0
6,-0.6000000000000001,-1.6620000000000001,0
6,-0.6000000000000001,-1.6500000000000001,0
6,-0.6000000000000001,-1.6380000000000001,0
6,-0.6000000000000001,-1.6260000000000001,0
6,-0.6000000000000001,-1.614,0
6,-0.6000000000000001,-1.602,0
6,-0.6000000000000001,-1.59,0
6,-0.6000000000000001,-1.578,0
6,-0.6000000000000001,-1.566,0
6,-0.6000000000000001,-1.554,0
6,-0.6000000000000001,-1.542,0
6,-0.6000000000000001,-1.53,0
6,-0.6000000000000001,-1.518,0
6,-0.6000000000000001,-1.506,0
6,-0.6000000000000001,-1.494,0
6,-0.6000000000000001,-1.482,0
6,-0.6000000000000001,-1.47,0
6,-0.6000000000000001,-1.458,0
6,-0.6000000000000001,-1.446,0
6,-0.6000000000000001,-1.434,0
6,-0.6000000000000001,-1.422,0
6,-0.6000000000000001,-1.41,0
6,-0.6000000000000001,-1.398,0
6,-0.6000000000000001,-1.3860000000000001,0
6,-0.6000000000000001,-1.374,0
6,-0.6000000000000001,-1.362,0
6,-0.6000000000000001,-1.35,0
6,-0.6000000000000001,-1.338,0
6,-0.6000000000000001,-1.326,0
6,-0.6000000000000001,-1.314,0
6,-0.6000000000000001,-1.302,0
6,-0.6000000000000001,-1.29,0
6,-0.6000000000000001,-1.278,0
6,-0.6000000000000001,-1.266,1
6,-0.6000000000000001,-1.254,0
6,-0.6000000000000001,-1.242,0
6,-0.6000000000000001,-1.23,0
6,-0.6000000000000001,-1.218,0
6,-0.6000000000000001,-1.2060000000000002,0
6,-0.6000000000000001,-1.1940000000000002,1
6,-0.6000000000000001,-1.1820000000000002,2
6,-0.6000000000000001,-1.1700000000000002,0
6,-0.6000000000000001,-1.1580000000000001,4
6,-0.6000000000000001,-1.1460000000000001,16
6,-0.6000000000000001,-1.1340000000000001,9
6,-0.6000000000000001,-1.122,28
6,-0.6000000000000001,-1.11,55
6,-0.6000000000000001,-1.098,46
6,-0.6000000000000001,-1.086,63
6,-0.6000000000000001,-1.074,125
6,-0.6000000000000001,-1.062,149
6,-0.6000000000000001,-1.05,224
6,-0.6000000000000001,-1.038,303
6,-0.6000000000000001,-1.026,361
6,-0.6000000000000001,-1.014,533
6,-0.6000000000000001,-1.002,608
6,-0.6000000000000001,-0.99,841
6,-0.6000000000000001,-0.978,1012
6,-0.6000000000000001,-0.966,1235
6,-0.6000000000000001,-0.9540000000000001,1488
6,-0.6000000000000001,-0.9420000000000001,1719
6,-0.6000000000000001,-0.93,2018
6,-0.6000000000000001,-0.918,2331
6,-0.6000000000000001,-0.906,2705
6,-0.6000000000000001,-0.894,3032
6,-0.6000000000000001,-0.882,3358
6,-0.6000000000000001,-0.87,3505
6,-0.6000000000000001,-0.858,3840
6,-0.6000000000000001,-0.8460000000000001,3981
6,-0.6000000000000001,-0.8340000000000001,4026
6,-0.6000000000000001,-0.8220000000000001,4239
6,-0.6000000000000001,-0.81,4162
6,-0.6000000000000001,-0.798,4239
6,-0.6000000000000001,-0.786,4191
6,-0.6000000000000001,-0.774,4044
6,-0.6000000000000001,-0.762,3953
6,-0.6000000000000001,-0.75,3747
6,-0.6000000000000001,-0.738,3569
6,-0.6000000000000001,-0.726,3216
6,-0.6000000000000001,-0.714,2946
6,-0.6000000000000001,-0.702,2819
6,-0.6000000000000001,-0.69,2511
6,-0.6000000000000001,-0.6779999999999999,2214
6,-0.6000000000000001,-0.6659999999999999,1989
6,-0.6000000000000001,-0.6539999999999999,1689
6,-0.6000000000000001,-0.642,1519
6,-0.6000000000000001,-0.6300000000000001,1273
6,-0.6000000000000001,-0.6180000000000001,1145
6,-0.6000000000000001,-0.6060000000000001,981
6,-0.6000000000000001,-0.5940000000000001,772
6,-0.6000000000000001,-0.5820000000000001,630
6,-0.6000000000000001,-0.5700000000000001,506
6,-0.6000000000000001,-0.558,435
6,-0.6000000000000001,-0.546,358
6,-0.6000000000000001,-0.534,282
6,-0.6000000000000001,-0.522,214
6,-0.6000000000000001,-0.51,159
6,-0.6000000000000001,-0.498,134
6,-0.6000000000000001,-0.486,112
6,-0.6000000000000001,-0.474,82
6,-0.6000000000000001,-0.46199999999999997,62
6,-0.6000000000000001,-0.44999999999999996,56
6,-0.6000000000000001,-0.43799999999999994,34
6,-0.6000000000000001,-0.42599999999999993,26
6,-0.6000000000000001,-0.4139999999999999,16
6,-0.6000000000000001,-0.4019999999999999,14
6,-0.6000000000000001,-0.39,12
6,-0.6000000000000001,-0.3780000000000001,10
6,-0.6000000000000001,-0.3660000000000001,7
6,-0.6000000000000001,-0.3540000000000001,3
6,-0.6000000000000001,-0.3420000000000001,2
6,-0.6000000000000001,-0.33000000000000007,6
6,-0.6000000000000001,-0.31800000000000006,0
6,-0.6000000000000001,-0.30600000000000005,0
6,-0.6000000000000001,-0.29400000000000004,0
6,-0.6000000000000001,-0.28200000000000003,0
6,-0.6000000000000001,-0.27,2
6,-0.6000000000000001,-0.258,1
6,-0.6000000000000001,-0.246,0
6,-0.6000000000000001,-0.23399999999999999,0
6,-0.6000000000000001,-0.22199999999999998,0
6,-0.6000000000000001,-0.20999999999999996,0
6,-0.6000000000000001,-0.19799999999999995,0
6,-0.6000000000000001,-0.18599999999999994,0
6,-0.6000000000000001,-0.17399999999999993,0
6,-0.6000000000000001,-0.16199999999999992,0
6,-0.6000000000000001,-0.1499999999999999,0
6,-0.6000000000000001,-0.138,0
6,-0.6000000000000001,-0.1260000000000001,0
6,-0.6000000000000001,-0.1140000000000001,0
6,-0.6000000000000001,-0.10200000000000009,0
6,-0.6000000000000001,-0.09000000000000008,0
6,-0.6000000000000001,-0.07800000000000007,0
6,-0.6000000000000001,-0.06600000000000006,0
6,-0.6000000000000001,-0.05400000000000005,0
6,-0.6000000000000001,-0.04200000000000004,0
6,-0.6000000000000001,-0.030000000000000027,0
6,-0.6000000000000001,-0.018000000000000016,0
6,-0.6000000000000001,-0.006000000000000005,0
6,-0.6000000000000001,0.006000000000000005,0
6,-0.6000000000000001,0.018000000000000016,0
6,-0.6000000000000001,0.030000000000000027,0
6,-0.6000000000000001,0.04200000000000004,0
6,-0.6000000000000001,0.05400000000000005,0
6,-0.6000000000000001,0.06600000000000006,0
6,-0.6000000000000001,0.07800000000000007,0
6,-0.6000000000000001,0.09000000000000008,0
6,-0.6000000000000001,0.10200000000000009,0
6,-0.6000000000000001,0.11399999999999999,0
6,-0.6000000000000001,0.1259999999999999,0
6,-0.6000000000000001,0.1379999999999999,0
6,-0.6000000000000001,0.1499999999999999,0
6,-0.6000000000000001,0.16199999999999992,0
6,-0.6000000000000001,0.17399999999999993,0
6,-0.6000000000000001,0.18599999999999994,0
6,-0.6000000000000001,0.19799999999999995,0
6,-0.6000000000000001,0.20999999999999996,0
6,-0.6000000000000001,0.22199999999999998,0
6,-0.6000000000000001,0.23399999999999999,0
6,-0.6000000000000001,0.246,0
6,-0.6000000000000001,0.258,0
6,-0.6000000000000001,0.27,0
6,-0.6000000000000001,0.28200000000000003,0
6,-0.6000000000000001,0.29400000000000004,0
6,-0.6000000000000001,0.30600000000000005,0
6,-0.6000000000000001,0.31800000000000006,0
6,-0.6000000000000001,0.33000000000000007,0
6,-0.6000000000000001,0.3420000000000001,0
6,-0.6000000000000001,0.3540000000000001,0
6,-0.6000000000000001,0.3660000000000001,0
6,-0.6000000000000001,0.3780000000000001,0
6,-0.6000000000000001,0.3900000000000001,0
6,-0.6000000000000001,0.40200000000000014,0
6,-0.6000000000000001,0.41400000000000015,0
6,-0.6000000000000001,0.42600000000000016,0
6,-0.6000000000000001,0.43800000000000017,0
6,-0.6000000000000001,0.4500000000000002,0
6,-0.6000000000000001,0.4620000000000002,0
6,-0.6000000000000001,0.4740000000000002,0
6,-0.6000000000000001,0.4860000000000002,0
6,-0.6000000000000001,0.4980000000000002,0
6,-0.6000000000000001,0.51,0
6,-0.6000000000000001,0.5219999999999998,0
6,-0.6000000000000001,0.5339999999999998,0
6,-0.6000000000000001,0.5459999999999998,0
6,-0.6000000000000001,0.5579999999999998,0
6,-0.6000000000000001,0.5699999999999998,0
6,-0.6000000000000001,0.5819999999999999,0
6,-0.6000000000000001,0.5939999999999999,0
6,-0.6000000000000001,0.6059999999999999,0
6,-0.6000000000000001,0.6179999999999999,0
6,-0.6000000000000001,0.6299999999999999,0
6,-0.6000000000000001,0.6419999999999999,0
6,-0.6000000000000001,0.6539999999999999,0
6,-0.6000000000000001,0.6659999999999999,0
6,-0.6000000000000001,0.6779999999999999,0
6,-0.6000000000000001,0.69,0
6,-0.6000000000000001,0.702,0
6,-0.6000000000000001,0.714,0
6,-0.6000000000000001,0.726,0
6,-0.6000000000000001,0.738,0
6,-0.6000000000000001,0.75,0
6,-0.6000000000000001,0.762,0
6,-0.6000000000000001,0.774,0
6,-0.6000000000000001,0.786,0
6,-0.6000000000000001,0.798,0
6,-0.6000000000000001,0.81,0
6,-0.6000000000000001,0.8220000000000001,0
6,-0.6000000000000001,0.8340000000000001,0
6,-0.6000000000000001,0.8460000000000001,0
6,-0.6000000000000001,0.8580000000000001,0
6,-0.6000000000000001,0.8700000000000001,0
6,-0.6000000000000001,0.8820000000000001,0
6,-0.6000000000000001,0.8940000000000001,0
6,-0.6000000000000001,0.9060000000000001,0
6,-0.6000000000000001,0.9180000000000001,0
6,-0.6000000000000001,0.9300000000000002,0
6,-0.6000000000000001,0.9420000000000002,0
6,-0.6000000000000001,0.9540000000000002,0
6,-0.6000000000000001,0.9660000000000002,0
6,-0.6000000000000001,0.9780000000000002,0
6,-0.6000000000000001,0.9900000000000002,0
6,-0.6000000000000001,1.0020000000000002,0
6,-0.6000000000000001,1.014,0
6,-0.6000000000000001,1.0259999999999998,0
6,-0.6000000000000001,1.0379999999999998,0
6,-0.6000000000000001,1.0499999999999998,0
6,-0.6000000000000001,1.0619999999999998,0
6,-0.6000000000000001,1.0739999999999998,0
6,-0.6000000000000001,1.0859999999999999,0
6,-0.6000000000000001,1.0979999999999999,0
6,-0.6000000000000001,1.1099999999999999,0
6,-0.6000000000000001,1.1219999999999999,0
6,-0.6000000000000001,1.134,0
6,-0.6000000000000001,1.146,0
6,-0.6000000000000001,1.158,0
6,-0.6000000000000001,1.17,0
6,-0.6000000000000001,1.182,0
6,-0.6000000000000001,1.194,0
6,-0.6000000000000001,1.206,0
6,-0.6000000000000001,1.218,0
6,-0.6000000000000001,1.23,0
6,-0.6000000000000001,1.242,0
6,-0.6000000000000001,1.254,0
6,-0.6000000000000001,1.266,0
6,-0.6000000000000001,1.278,0
6,-0.6000000000000001,1.29,0
6,-0.6000000000000001,1.302,0
6,-0.6000000000000001,1.314,0
6,-0.6000000000000001,1.326,0
6,-0.6000000000000001,1.338,0
6,-0.6000000000000001,1.35,0
6,-0.6000000000000001,1.362,0
6,-0.6000000000000001,1.374,0
6,-0.6000000000000001,1.3860000000000001,0
6,-0.6000000000000001,1.3980000000000001,0
6,-0.6000000000000001,1.4100000000000001,0
6,-0.6000000000000001,1.4220000000000002,0
6,-0.6000000000000001,1.4340000000000002,0
6,-0.6000000000000001,1.4460000000000002,0
6,-0.6000000000000001,1.4580000000000002,0
6,-0.6000000000000001,1.4700000000000002,0
6,-0.6000000000000001,1.4820000000000002,0
6,-0.6000000000000001,1.4940000000000002,0
6,-0.6000000000000001,1.5060000000000002,0
6,-0.6000000000000001,1.5180000000000002,0
6,-0.6000000000000001,1.53,0
6,-0.6000000000000001,1.5419999999999998,0
6,-0.6000000000000001,1.5539999999999998,0
6,-0.6000000000000001,1.5659999999999998,0
6,-0.6000000000000001,1.5779999999999998,0
6,-0.6000000000000001,1.5899999999999999,0
6,-0.6000000000000001,1.6019999999999999,0
6,-0.6000000000000001,1.6139999999999999,0
6,-0.6000000000000001,1.626,0
6,-0.6000000000000001,1.638,0
6,-0.6000000000000001,1.65,0
6,-0.6000000000000001,1.662,0
6,-0.6000000000000001,1.674,0
6,-0.6000000000000001,1.686,0
6,-0.6000000000000001,1.698,0
6,-0.6000000000000001,1.71,0
6,-0.6000000000000001,1.722,0
6,-0.6000000000000001,1.734,0
6,-0.6000000000000001,1.746,0
6,-0.6000000000000001,1.758,0
6,-0.6000000000000001,1.77,0
6,-0.6000000000000001,1.782,0
6,-0.6000000000000001,1.794,0
7,-0.44999999999999996,-1.794,0
7,-0.44999999999999996,-1.782,0
7,-0.44999999999999996,-1.77,0
7,-0.44999999999999996,-1.758,0
7,-0.44999999999999996,-1.746,0
7,-0.44999999999999996,-1.734,0
7,-0.44999999999999996,-1.722,0
7,-0.44999999999999996,-1.71,0
7,-0.44999999999999996,-1.698,0
7,-0.44999999999999996,-1.686,0
7,-0.44999999999999996,-1.6740000000000002,0
7,-0.44999999999999996,-1.6620000000000001,0
7,-0.44999999999999996,-1.6500000000000001,0
7,-0.44999999999999996,-1.6380000000000001,0
7,-0.44999999999999996,-1.6260000000000001,0
7,-0.44999999999999996,-1.614,0
7,-0.44999999999999996,-1.602,0
7,-0.44999999999999996,-1.59,0
7,-0.44999999999999996,-1.578,0
7,-0.44999999999999996,-1.566,0
7,-0.44999999999999996,-1.554,0
7,-0.44999999999999996,-1.542,0
7,-0.44999999999999996,-1.53,0
7,-0.44999999999999996,-1.518,0
7,-0.44999999999999996,-1.506,0
7,-0.44999999999999996,-1.494,0
7,-0.44999999999999996,-1.482,0
7,-0.44999999999999996,-1.47,0
7,-0.44999999999999996,-1.458,0
7,-0.44999999999999996,-1.446,0
7,-0.44999999999999996,-1.434,0
7,-0.44999999999999996,-1.422,0
7,-0.44999999999999996,-1.41,0
7,-0.44999999999999996,-1.398,0
7,-0.44999999999999996,-1.3860000000000001,0
7,-0.44999999999999996,-1.374,0
7,-0.44999999999999996,-1.362,0
7,-0.44999999999999996,-1.35,0
7,-0.44999999999999996,-1.338,0
7,-0.44999999999999996,-1.326,0
7,-0.44999999999999996,-1.314,0
7,-0.44999999999999996,-1.302,0
7,-0.44999999999999996,-1.29,0
7,-0.44999999999999996,-1.278,0
7,-0.44999999999999996,-1.266,0
7,-0.44999999999999996,-1.254,0
7,-0.44999999999999996,-1.242,0
7,-0.44999999999999996,-1.23,0
7,-0.44999999999999996,-1.218,0
7,-0.44999999999999996,-1.2060000000000002,0
7,-0.44999999999999996,-1.1940000000000002,0
7,-0.44999999999999996,-1.1820000000000002,0
7,-0.44999999999999996,-1.1700000000000002,0
7,-0.44999999999999996,-1.1580000000000001,0
7,-0.44999999999999996,-1.1460000000000001,0
7,-0.44999999999999996,-1.1340000000000001,0
7,-0.44999999999999996,-1.122,0
7,-0.44999999999999996,-1.11,0
7,-0.44999999999999996,-1.098,1
7,-0.44999999999999996,-1.086,3
7,-0.44999999999999996,-1.074,3
7,-0.44999999999999996,-1.062,10
7,-0.44999999999999996,-1.05,8
7,-0.44999999999999996,-1.038,28
7,-0.44999999999999996,-1.026,21
7,-0.44999999999999996,-1.014,52
7,-0.44999999999999996,-1.002,58
7,-0.44999999999999996,-0.99,76
7,-0.44999999999999996,-0.978,95
7,-0.44999999999999996,-0.966,163
7,-0.44999999999999996,-0.9540000000000001,215
7,-0.44999999999999996,-0.9420000000000001,272
7,-0.44999999999999996,-0.93,388
7,-0.44999999999999996,-0.918,463
7,-0.44999999999999996,-0.906,560
7,-0.44999999999999996,-0.894,741
7,-0.44999999999999996,-0.882,922
7,-0.44999999999999996,-0.87,1027
7,-0.44999999999999996,-0.858,1325
7,-0.44999999999999996,-0.8460000000000001,1420
7,-0.44999999999999996,-0.8340000000000001,1676
7,-0.44999999999999996,-0.8220000000000001,1970
7,-0.44999999999999996,-0.81,2197
7,-0.44999999999999996,-0.798,2434
7,-0.44999999999999996,-0.786,2680
7,-0.44999999999999996,-0.774,2914
7,-0.44999999999999996,-0.762,3015
7,-0.44999999999999996,-0.75,3272
7,-0.44999999999999996,-0.738,3517
7,-0.44999999999999996,-0.726,3575
7,-0.44999999999999996,-0.714,3700
7,-0.44999999999999996,-0.702,3866
7,-0.44999999999999996,-0.69,3829
7,-0.44999999999999996,-0.6779999999999999,3736
7,-0.44999999999999996,-0.6659999999999999,3737
7,-0.44999999999999996,-0.6539999999999999,3634
7,-0.44999999999999996,-0.642,3531
7,-0.44999999999999996,-0.6300000000000001,3375
7,-0.44999999999999996,-0.6180000000000001,3157
7,-0.44999999999999996,-0.6060000000000001,3083
7,-0.44999999999999996,-0.5940000000000001,2776
7,-0.44999999999999996,-0.5820000000000001,2630
7,-0.44999999999999996,-0.5700000000000001,2429
7,-0.44999999999999996,-0.558,2229
7,-0.44999999999999996,-0.546,1971
7,-0.44999999999999996,-0.534,1812
7,-0.44999999999999996,-0.522,1646
7,-0.44999999999999996,-0.51,1399
7,-0.44999999999999996,-0.498,1232
7,-0.44999999999999996,-0.486,1116
7,-0.44999999999999996,-0.474,983
7,-0.44999999999999996,-0.46199999999999997,804
7,-0.44999999999999996,-0.44999999999999996,722
7,-0.44999999999999996,-0.43799999999999994,573
7,-0.44999999999999996,-0.42599999999999993,510
7,-0.44999999999999996,-0.4139999999999999,409
7,-0.44999999999999996,-0.4019999999999999,352
7,-0.44999999999999996,-0.39,317
7,-0.44999999999999996,-0.3780000000000001,262
7,-0.44999999999999996,-0.3660000000000001,207
7,-0.44999999999999996,-0.3540000000000001,173
7,-0.44999999999999996,-0.3420000000000001,122
7,-0.44999999999999996,-0.33000000000000007,140
7,-0.44999999999999996,-0.31800000000000006,99
7,-0.44999999999999996,-0.30600000000000005,62
7,-0.44999999999999996,-0.29400000000000004,63
7,-0.44999999999999996,-0.28200000000000003,48
7,-0.44999999999999996,-0.27,46
7,-0.44999999999999996,-0.258,25
7,-0.44999999999999996,-0.246,25
7,-0.44999999999999996,-0.23399999999999999,9
7,-0.44999999999999996,-0.22199999999999998,12
7,-0.44999999999999996,-0.20999999999999996,12
7,-0.44999999999999996,-0.19799999999999995,9
7,-0.44999999999999996,-0.18599999999999994,6
7,-0.44999999999999996,-0.17399999999999993,5
7,-0.44999999999999996,-0.16199999999999992,3
7,-0.44999999999999996,-0.1499999999999999,3
7,-0.44999999999999996,-0.138,2
7,-0.44999999999999996,-0.1260000000000001,3
7,-0.44999999999999996,-0.1140000000000001,1
7,-0.44999999999999996,-0.10200000000000009,0
7,-0.44999999999999996,-0.09000000000000008,1
7,-0.44999999999999996,-0.07800000000000007,1
7,-0.44999999999999996,-0.06600000000000006,1
7,-0.44999999999999996,-0.05400000000000005,0
7,-0.44999999999999996,-0.04200000000000004,0
7,-0.44999999999999996,-0.030000000000000027,0
7,-0.44999999999999996,-0.018000000000000016,1
7,-0.44999999999999996,-0.006000000000000005,0
7,-0.44999999999999996,0.006000000000000005,0
7,-0.44999999999999996,0.018000000000000016,0
7,-0.44999999999999996,0.030000000000000027,0
7,-0.44999999999999996,0.04200000000000004,0
7,-0.44999999999999996,0.05400000000000005,0
7,-0.44999999999999996,0.06600000000000006,0
7,-0.44999999999999996,0.07800000000000007,0
7,-0.44999999999999996,0.09000000000000008,0
7,-0.44999999999999996,0.10200000000000009,0
7,-0.44999999999999996,0.11399999999999999,0
7,-0.44999999999999996,0.1259999999999999,0
7,-0.44999999999999996,0.1379999999999999,0
7,-0.44999999999999996,0.1499999999999999,0
7,-0.44999999999999996,0.16199999999999992,0
7,-0.44999999999999996,0.17399999999999993,0
7,-0.44999999999999996,0.18599999999999994,0
7,-0.44999999999999996,0.19799999999999995,0
7,-0.44999999999999996,0.20999999999999996,0
7,-0.44999999999999996,0.22199999999999998,0
7,-0.44999999999999996,0.23399999999999999,0
7,-0.44999999999999996,0.246,0
7,-0.44999999999999996,0.258,0
7,-0.44999999999999996,0.27,0
7,-0.44999999999999996,0.28200000000000003,0
7,-0.44999999999999996,0.29400000000000004,0
7,-0.44999999999999996,0.30600000000000005,0
7,-0.44999999999999996,0.31800000000000006,0
7,-0.44999999999999996,0.33000000000000007,0
7,-0.44999999999999996,0.3420000000000001,0
7,-0.44999999999999996,0.3540000000000001,0
7,-0.44999999999999996,0.3660000000000001,0
7,-0.44999999999999996,0.3780000000000001,0
7,-0.44999999999999996,0.3900000000000001,0
7,-0.44999999999999996,0.40200000000000014,0
7,-0.44999999999999996,0.41400000000000015,0
7,-0.44999999999999996,0.42600000000000016,0
7,-0.44999999999999996,0.43800000000000017,0
7,-0.44999999999999996,0.4500000000000002,0
7,-0.44999999999999996,0.4620000000000002,0
7,-0.44999999999999996,0.4740000000000002,0
7,-0.44999999999999996,0.4860000000000002,0
7,-0.44999999999999996,0.4980000000000002,0
7,-0.44999999999999996,0.51,0
7,-0.44999999999999996,0.5219999999999998,0
7,-0.44999999999999996,0.5339999999999998,0
7,-0.44999999999999996,0.5459999999999998,0
7,-0.44999999999999996,0.5579999999999998,0
7,-0.44999999999999996,0.5699999999999998,0
7,-0.44999999999999996,0.5819999999999999,0
7,-0.44999999999999996,0.5939999999999999,0
7,-0.44999999999999996,0.6059999999999999,0
7,-0.44999999999999996,0.6179999999999999,0
7,-0.44999999999999996,0.6299999999999999,0
7,-0.44999999999999996,0.6419999999999999,0
7,-0.44999999999999996,0.6539999999999999,0
7,-0.44999999999999996,0.6659999999999999,0
7,-0.44999999999999996,0.6779999999999999,0
7,-0.44999999999999996,0.69,0
7,-0.44999999999999996,0.702,0
7,-0.44999999999999996,0.714,0
7,-0.44999999999999996,0.726,0
7,-0.44999999999999996,0.738,0
7,-0.44999999999999996,0.75,0
7,-0.44999999999999996,0.762,0
7,-0.44999999999999996,0.774,0
7,-0.44999999999999996,0.786,0
7,-0.44999999999999996,0.798,0
7,-0.44999999999999996,0.81,0
7,-0.44999999999999996,0.8220000000000001,0
7,-0.44999999999999996,0.8340000000000001,0
7,-0.44999999999999996,0.8460000000000001,0
7,-0.44999999999999996,0.8580000000000001,0
7,-0.44999999999999996,0.8700000000000001,0
7,-0.44999999999999996,0.8820000000000001,0
7,-0.44999999999999996,0.8940000000000001,0
7,-0.44999999999999996,0.9060000000000001,0
7,-0.44999999999999996,0.9180000000000001,0
7,-0.44999999999999996,0.9300000000000002,0
7,-0.44999999999999996,0.9420000000000002,0
7,-0.44999999999999996,0.9540000000000002,0
7,-0.44999999999999996,0.9660000000000002,0
7,-0.44999999999999996,0.9780000000000002,0
7,-0.44999999999999996,0.9900000000000002,0
7,-0.44999999999999996,1.0020000000000002,0
7,-0.44999999999999996,1.014,0
7,-0.44999999999999996,1.0259999999999998,0
7,-0.44999999999999996,1.0379999999999998,0
7,-0.44999999999999996,1.0499999999999998,0
7,-0.44999999999999996,1.0619999999999998,0
7,-0.44999999999999996,1.0739999999999998,0
7,-0.44999999999999996,1.0859999999999999,0
7,-0.44999999999999996,1.0979999999999999,0
7,-0.44999999999999996,1.1099999999999999,0
7,-0.44999999999999996,1.1219999999999999,0
7,-0.44999999999999996,1.134,0
7,-0.44999999999999996,1.146,0
7,-0.44999999999999996,1.158,0
7,-0.44999999999999996,1.17,0
7,-0.44999999999999996,1.182,0
7,-0.44999999999999996,1.194,0
7,-0.44999999999999996,1.206,0
7,-0.44999999999999996,1.218,0
7,-0.44999999999999996,1.23,0
7,-0.44999999999999996,1.242,0
7,-0.44999999999999996,1.254,0
7,-0.44999999999999996,1.266,0
7,-0.44999999999999996,1.278,0
7,-0.44999999999999996,1.29,0
7,-0.44999999999999996,1.302,0
7,-0.44999999999999996,1.314,0
7,-0.44999999999999996,1.326,0
7,-0.44999999999999996,1.338,0
7,-0.44999999999999996,1.35,0
7,-0.44999999999999996,1.362,0
7,-0.44999999999999996,1.374,0
7,-0.44999999999999996,1.3860000000000001,0
7,-0.44999999999999996,1.3980000000000001,0
7,-0.44999999999999996,1.4100000000000001,0
7,-0.44999999999999996,1.4220000000000002,0
7,-0.44999999999999996,1.4340000000000002,0
7,-0.44999999999999996,1.4460000000000002,0
7,-0.44999999999999996,1.4580000000000002,0
7,-0.44999999999999996,1.4700000000000002,0
7,-0.44999999999999996,1.4820000000000002,0
7,-0.44999999999999996,1.4940000000000002,0
7,-0.44999999999999996,1.5060000000000002,0
7,-0.44999999999999996,1.5180000000000002,0
7,-0.44999999999999996,1.53,0
7,-0.44999999999999996,1.5419999999999998,0
7,-0.44999999999999996,1.5539999999999998,0
7,-0.44999999999999996,1.5659999999999998,0
7,-0.44999999999999996,1.5779999999999998,0
7,-0.44999999999999996,1.5899999999999999,0
7,-0.44999999999999996,1.6019999999999999,0
7,-0.44999999999999996,1.6139999999999999,0
7,-0.44999999999999996,1.626,0
7,-0.44999999999999996,1.638,0
7,-0.44999999999999996,1.65,0
7,-0.44999999999999996,1.662,0
7,-0.44999999999999996,1.674,0
7,-0.44999999999999996,1.686,0
7,-0.44999999999999996,1.698,0
7,-0.44999999999999996,1.71,0
7,-0.44999999999999996,1.722,0
7,-0.44999999999999996,1.734,0
7,-0.44999999999999996,1.746,0
7,-0.44999999999999996,1.758,0
7,-0.44999999999999996,1.77,0
7,-0.44999999999999996,1.782,0
7,-0.44999999999999996,1.794,0
8,-0.30000000000000004,-1.794,0
8,-0.30000000000000004,-1.782,0
8,-0.30000000000000004,-1.77,0
8,-0.30000000000000004,-1.758,0
8,-0.30000000000000004,-1.746,0
8,-0.30000000000000004,-1.734,0
8,-0.30000000000000004,-1.722,0
8,-0.30000000000000004,-1.71,0
8,-0.30000000000000004,-1.698,0
8,-0.30000000000000004,-1.686,0
8,-0.30000000000000004,-1.6740000000000002,0
8,-0.30000000000000004,-1.6620000000000001,0
8,-0.30000000000000004,-1.6500000000000001,0
8,-0.30000000000000004,-1.6380000000000001,0
8,-0.30000000000000004,-1.6260000000000001,0
8,-0.30000000000000004,-1.614,0
8,-0.30000000000000004,-1.602,0
8,-0.30000000000000004,-1.59,0
8,-0.30000000000000004,-1.578,0
8,-0.30000000000000004,-1.566,0
8,-0.30000000000000004,-1.554,0
8,-0.30000000000000004,-1.542,0
8,-0.30000000000000004,-1.53,0
8,-0.30000000000000004,-1.518,0
8,-0.30000000000000004,-1.506,0
8,-0.30000000000000004,-1.494,0
8,-0.30000000000000004,-1.482,0
8,-0.30000000000000004,-1.47,0
8,-0.30000000000000004,-1.458,0
8,-0.30000000000000004,-1.446,0
8,-0.30000000000000004,-1.434,0
8,-0.30000000000000004,-1.422,0
8,-0.30000000000000004,-1.41,0
8,-0.30000000000000004,-1.398,0
8,-0.30000000000000004,-1.3860000000000001,0
8,-0.30000000000000004,-1.374,0
8,-0.30000000000000004,-1.362,0
8,-0.30000000000000004,-1.35,0
8,-0.30000000000000004,-1.338,0
8,-0.30000000000000004,-1.326,0
8,-0.30000000000000004,-1.314,0
8,-0.30000000000000004,-1.302,0
8,-0.30000000000000004,-1.29,0
8,-0.30000000000000004,-1.278,0
8,-0.30000000000000004,-1.266,0
8,-0.30000000000000004,-1.254,0
8,-0.30000000000000004,-1.242,0
8,-0.30000000000000004,-1.23,0
8,-0.30000000000000004,-1.218,0
8,-0.30000000000000004,-1.2060000000000002,0
8,-0.30000000000000004,-1.1940000000000002,0
8,-0.30000000000000004,-1.1820000000000002,0
8,-0.30000000000000004,-1.1700000000000002,0
8,-0.30000000000000004,-1.1580000000000001,0
8,-0.30000000000000004,-1.1460000000000001,0
8,-0.30000000000000004,-1.1340000000000001,0
8,-0.30000000000000004,-1.122,0
8,-0.30000000000000004,-1.11,0
8,-0.30000000000000004,-1.098,0
8,-0.30000000000000004,-1.086,0
8,-0.30000000000000004,-1.074,0
8,-0.30000000000000004,-1.062,1
8,-0.30000000000000004,-1.05,0
8,-0.30000000000000004,-1.038,0
8,-0.30000000000000004,-1.026,0
8,-0.30000000000000004,-1.014,1
8,-0.30000000000000004,-1.002,1
8,-0.30000000000000004,-0.99,1
8,-0.30000000000000004,-0.978,7
8,-0.30000000000000004,-0.966,4
8,-0.30000000000000004,-0.9540000000000001,7
8,-0.30000000000000004,-0.9420000000000001,11
8,-0.30000000000000004,-0.93,8
8,-0.30000000000000004,-0.918,22
8,-0.30000000000000004,-0.906,35
8,-0.30000000000000004,-0.894,47
8,-0.30000000000000004,-0.882,63
8,-0.30000000000000004,-0.87,100
8,-0.30000000000000004,-0.858,111
8,-0.30000000000000004,-0.8460000000000001,179
8,-0.30000000000000004,-0.8340000000000001,219
8,-0.30000000000000004,-0.8220000000000001,251
8,-0.30000000000000004,-0.81,318
8,-0.30000000000000004,-0.798,435
8,-0.30000000000000004,-0.786,497
8,-0.30000000000000004,-0.774,628
8,-0.30000000000000004,-0.762,738
8,-0.30000000000000004,-0.75,885
8,-0.30000000000000004,-0.738,995
8,-0.30000000000000004,-0.726,1180
8,-0.30000000000000004,-0.714,1421
8,-0.30000000000000004,-0.702,1549
8,-0.30000000000000004,-0.69,1718
8,-0.30000000000000004,-0.6779999999999999,1918
8,-0.30000000000000004,-0.6659999999999999,2107
8,-0.30000000000000004,-0.6539999999999999,2282
8,-0.30000000000000004,-0.642,2446
8,-0.30000000000000004,-0.6300000000000001,2549
8,-0.30000000000000004,-0.6180000000000001,2773
8,-0.30000000000000004,-0.6060000000000001,2922
8,-0.30000000000000004,-0.5940000000000001,3021
8,-0.30000000000000004,-0.5820000000000001,3222
8,-0.30000000000000004,-0.5700000000000001,3198
8,-0.30000000000000004,-0.558,3197
8,-0.30000000000000004,-0.546,3395
8,-0.30000000000000004,-0.534,3191
8,-0.30000000000000004,-0.522,3326
8,-0.30000000000000004,-0.51,3238
8,-0.30000000000000004,-0.498,3125
8,-0.30000000000000004,-0.486,2990
8,-0.30000000000000004,-0.474,3071
8,-0.30000000000000004,-0.46199999999999997,2844
8,-0.30000000000000004,-0.44999999999999996,2638
8,-0.30000000000000004,-0.43799999999999994,2539
8,-0.30000000000000004,-0.42599999999999993,2385
8,-0.30000000000000004,-0.4139999999999999,2261
8,-0.30000000000000004,-0.4019999999999999,2037
8,-0.30000000000000004,-0.39,1979
8,-0.30000000000000004,-0.3780000000000001,1790
8,-0.30000000000000004,-0.3660000000000001,1645
8,-0.30000000000000004,-0.3540000000000001,1490
8,-0.30000000000000004,-0.3420000000000001,1318
8,-0.30000000000000004,-0.33000000000000007,1258
8,-0.30000000000000004,-0.31800000000000006,1107
8,-0.30000000000000004,-0.30600000000000005,931
8,-0.30000000000000004,-0.29400000000000004,864
8,-0.30000000000000004,-0.28200000000000003,767
8,-0.30000000000000004,-0.27,693
8,-0.30000000000000004,-0.258,601
8,-0.30000000000000004,-0.246,500
8,-0.30000000000000004,-0.23399999999999999,409
8,-0.30000000000000004,-0.22199999999999998,395
8,-0.30000000000000004,-0.20999999999999996,331
8,-0.30000000000000004,-0.19799999999999995,271
8,-0.30000000000000004,-0.18599999999999994,268
8,-0.30000000000000004,-0.17399999999999993,203
8,-0.30000000000000004,-0.16199999999999992,181
8,-0.30000000000000004,-0.1499999999999999,160
8,-0.30000000000000004,-0.138,120
8,-0.30000000000000004,-0.1260000000000001,93
8,-0.30000000000000004,-0.1140000000000001,104
8,-0.30000000000000004,-0.10200000000000009,70
8,-0.30000000000000004,-0.09000000000000008,69
8,-0.30000000000000004,-0.07800000000000007,55
8,-0.30000000000000004,-0.06600000000000006,38
8,-0.30000000000000004,-0.05400000000000005,38
8,-0.30000000000000004,-0.04200000000000004,22
8,-0.30000000000000004,-0.030000000000000027,27
8,-0.30000000000000004,-0.018000000000000016,18
8,-0.30000000000000004,-0.006000000000000005,14
8,-0.30000000000000004,0.006000000000000005,14
8,-0.30000000000000004,0.018000000000000016,6
8,-0.30000000000000004,0.030000000000000027,5
8,-0.30000000000000004,0.04200000000000004,5
8,-0.30000000000000004,0.05400000000000005,12
8,-0.30000000000000004,0.06600000000000006,4
8,-0.30000000000000004,0.07800000000000007,3
8,-0.30000000000000004,0.09000000000000008,4
8,-0.30000000000000004,0.10200000000000009,3
8,-0.30000000000000004,0.11399999999999999,0
8,-0.30000000000000004,0.1259999999999999,2
8,-0.30000000000000004,0.1379999999999999,1
8,-0.30000000000000004,0.1499999999999999,2
8,-0.30000000000000004,0.16199999999999992,1
8,-0.30000000000000004,0.17399999999999993,1
8,-0.30000000000000004,0.18599999999999994,0
8,-0.30000000000000004,0.19799999999999995,0
8,-0.30000000000000004,0.20999999999999996,0
8,-0.30000000000000004,0.22199999999999998,0
8,-0.30000000000000004,0.23399999999999999,0
8,-0.30000000000000004,0.246,0
8,-0.30000000000000004,0.258,1
8,-0.30000000000000004,0.27,0
8,-0.30000000000000004,0.28200000000000003,0
8,-0.30000000000000004,0.29400000000000004,0
8,-0.30000000000000004,0.30600000000000005,0
8,-0.30000000000000004,0.31800000000000006,0
8,-0.30000000000000004,0.33000000000000007,0
8,-0.30000000000000004,0.3420000000000001,0
8,-0.30000000000000004,0.3540000000000001,0
8,-0.30000000000000004,0.3660000000000001,0
8,-0.30000000000000004,0.3780000000000001,0
8,-0.30000000000000004,0.3900000000000001,0
8,-0.30000000000000004,0.40200000000000014,0
8,-0.30000000000000004,0.41400000000000015,0
8,-0.30000000000000004,0.42600000000000016,0
8,-0.30000000000000004,0.43800000000000017,0
8,-0.30000000000000004,0.4500000000000002,0
8,-0.30000000000000004,0.4620000000000002,0
8,-0.30000000000000004,0.4740000000000002,0
8,-0.30000000000000004,0.4860000000000002,0
8,-0.30000000000000004,0.4980000000000002,0
8,-0.30000000000000004,0.51,0
8,-0.30000000000000004,0.5219999999999998,0
8,-0.30000000000000004,0.5339999999999998,0
8,-0.30000000000000004,0.5459999999999998,0
8,-0.30000000000000004,0.5579999999999998,0
8,-0.30000000000000004,0.5699999999999998,0
8,-0.30000000000000004,0.5819999999999999,0
8,-0.30000000000000004,0.5939999999999999,0
8,-0.30000000000000004,0.6059999999999999,0
8,-0.30000000000000004,0.6179999999999999,0
8,-0.30000000000000004,0.6299999999999999,0
8,-0.30000000000000004,0.6419999999999999,0
8,-0.30000000000000004,0.6539999999999999,0
8,-0.30000000000000004,0.6659999999999999,0
8,-0.30000000000000004,0.6779999999999999,0
8,-0.30000000000000004,0.69,0
8,-0.30000000000000004,0.702,0
8,-0.30000000000000004,0.714,0
8,-0.30000000000000004,0.726,0
8,-0.30000000000000004,0.738,0
8,-0.30000000000000004,0.75,0
8,-0.30000000000000004,0.762,0
8,-0.30000000000000004,0.774,0
8,-0.30000000000000004,0.786,0
8,-0.30000000000000004,0.798,0
8,-0.30000000000000004,0.81,0
8,-0.30000000000000004,0.8220000000000001,0
8,-0.30000000000000004,0.8340000000000001,0
8,-0.30000000000000004,0.8460000000000001,0
8,-0.30000000000000004,0.8580000000000001,0
8,-0.30000000000000004,0.8700000000000001,0
8,-0.30000000000000004,0.8820000000000001,0
8,-0.30000000000000004,0.8940000000000001,0
8,-0.30000000000000004,0.9060000000000001,0
8,-0.30000000000000004,0.9180000000000001,0
8,-0.30000000000000004,0.9300000000000002,0
8,-0.30000000000000004,0.9420000000000002,0
8,-0.30000000000000004,0.9540000000000002,0
8,-0.30000000000000004,0.9660000000000002,0
8,-0.30000000000000004,0.9780000000000002,0
8,-0.30000000000000004,0.9900000000000002,0
8,-0.30000000000000004,1.0020000000000002,0
8,-0.30000000000000004,1.014,0
8,-0.30000000000000004,1.0259999999999998,0
8,-0.30000000000000004,1.0379999999999998,0
8,-0.30000000000000004,1.0499999999999998,0
8,-0.30000000000000004,1.0619999999999998,0
8,-0.30000000000000004,1.0739999999999998,0
8,-0.30000000000000004,1.0859999999999999,0
8,-0.30000000000000004,1.0979999999999999,0
8,-0.30000000000000004,1.1099999999999999,0
8,-0.30000000000000004,1.1219999999999999,0
8,-0.30000000000000004,1.134,0
8,-0.30000000000000004,1.146,0
8,-0.30000000000000004,1.158,0
8,-0.30000000000000004,1.17,0
8,-0.30000000000000004,1.182,0
8,-0.30000000000000004,1.194,0
8,-0.30000000000000004,1.206,0
8,-0.30000000000000004,1.218,0
8,-0.30000000000000004,1.23,0
8,-0.30000000000000004,1.242,0
8,-0.30000000000000004,1.254,0
8,-0.30000000000000004,1.266,0
8,-0.30000000000000004,1.278,0
8,-0.30000000000000004,1.29,0
8,-0.30000000000000004,1.302,0
8,-0.30000000000000004,1.314,0
8,-0.30000000000000004,1.326,0
8,-0.30000000000000004,1.338,0
8,-0.30000000000000004,1.35,0
8,-0.30000000000000004,1.362,0
8,-0.30000000000000004,1.374,0
8,-0.30000000000000004,1.3860000000000001,0
8,-0.30000000000000004,1.3980000000000001,0
8,-0.30000000000000004,1.4100000000000001,0
8,-0.30000000000000004,1.4220000000000002,0
8,-0.30000000000000004,1.4340000000000002,0
8,-0.30000000000000004,1.4460000000000002,0
8,-0.30000000000000004,1.4580000000000002,0
8,-0.30000000000000004,1.4700000000000002,0
8,-0.30000000000000004,1.4820000000000002,0
8,-0.30000000000000004,1.4940000000000002,0
8,-0.30000000000000004,1.5060000000000002,0
8,-0.30000000000000004,1.5180000000000002,0
8,-0.30000000000000004,1.53,0
8,-0.30000000000000004,1.5419999999999998,0
8,-0.30000000000000004,1.5539999999999998,0
8,-0.30000000000000004,1.5659999999999998,0
8,-0.30000000000000004,1.5779999999999998,0
8,-0.30000000000000004,1.5899999999999999,0
8,-0.30000000000000004,1.6019999999999999,0
8,-0.30000000000000004,1.6139999999999999,0
8,-0.30000000000000004,1.626,0
8,-0.30000000000000004,1.638,0
8,-0.30000000000000004,1.65,0
8,-0.30000000000000004,1.662,0
8,-0.30000000000000004,1.674,0
8,-0.30000000000000004,1.686,0
8,-0.30000000000000004,1.698,0
8,-0.30000000000000004,1.71,0
8,-0.30000000000000004,1.722,0
8,-0.30000000000000004,1.734,0
8,-0.30000000000000004,1.746,0
8,-0.30000000000000004,1.758,0
8,-0.30000000000000004,1.77,0
8,-0.30000000000000004,1.782,0
8,-0.30000000000000004,1.794,0
9,-0.15000000000000013,-1.794,0
9,-0.15000000000000013,-1.782,0
9,-0.15000000000000013,-1.77,0
9,-0.15000000000000013,-1.758,0
9,-0.15000000000000013,-1.746,0
9,-0.15000000000000013,-1.734,0
9,-0.15000000000000013,-1.722,0
9,-0.15000000000000013,-1.71,0
9,-0.15000000000000013,-1.698,0
9,-0.15000000000000013,-1.686,0
9,-0.15000000000000013,-1.6740000000000002,0
9,-0.15000000000000013,-1.6620000000000001,0
9,-0.15000000000000013,-1.6500000000000001,0
9,-0.15000000000000013,-1.6380000000000001,0
9,-0.15000000000000013,-1.6260000000000001,0
9,-0.15000000000000013,-1.614,0
9,-0.15000000000000013,-1.602,0
9,-0.15000000000000013,-1.59,0
9,-0.15000000000000013,-1.578,0
9,-0.15000000000000013,-1.566,0
9,-0.15000000000000013,-1.554,0
9,-0.15000000000000013,-1.542,0
9,-0.15000000000000013,-1.53,0
9,-0.15000000000000013,-1.518,0
9,-0.15000000000000013,-1.506,0
9,-0.15000000000000013,-1.494,0
9,-0.15000000000000013,-1.482,0
9,-0.15000000000000013,-1.47,0
9,-0.15000000000000013,-1.458,0
9,-0.15000000000000013,-1.446,0
9,-0.15000000000000013,-1.434,0
9,-0.15000000000000013,-1.422,0
9,-0.15000000000000013,-1.41,0
9,-0.15000000000000013,-1.398,0
9,-0.15000000000000013,-1.3860000000000001,0
9,-0.15000000000000013,-1.374,0
9,-0.15000000000000013,-1.362,0
9,-0.15000000000000013,-1.35,0
9,-0.15000000000000013,-1.338,0
9,-0.15000000000000013,-1.326,0
9,-0.15000000000000013,-1.314,0
9,-0.15000000000000013,-1.302,0
9,-0.15000000000000013,-1.29,0
9,-0.15000000000000013,-1.278,0
9,-0.15000000000000013,-1.266,0
9,-0.15000000000000013,-1.254,0
9,-0.15000000000000013,-1.242,0
9,-0.15000000000000013,-1.23,0
9,-0.15000000000000013,-1.218,0
9,-0.15000000000000013,-1.2060000000000002,0
9,-0.15000000000000013,-1.1940000000000002,0
9,-0.15000000000000013,-1.1820000000000002,0
9,-0.15000000000000013,-1.1700000000000002,0
9,-0.15000000000000013,-1.1580000000000001,0
9,-0.15000000000000013,-1.1460000000000001,0
9,-0.15000000000000013,-1.1340000000000001,0
9,-0.15000000000000013,-1.122,0
9,-0.15000000000000013,-1.11,0
9,-0.15000000000000013,-1.098,0
9,-0.15000000000000013,-1.086,0
9,-0.15000000000000013,-1.074,0
9,-0.15000000000000013,-1.062,0
9,-0.15000000000000013,-1.05,0
9,-0.15000000000000013,-1.038,0
9,-0.15000000000000013,-1.026,0
9,-0.15000000000000013,-1.014,0
9,-0.15000000000000013,-1.002,0
9,-0.15000000000000013,-0.99,0
9,-0.15000000000000013,-0.978,0
9,-0.15000000000000013,-0.966,0
9,-0.15000000000000013,-0.9540000000000001,0
9,-0.15000000000000013,-0.9420000000000001,0
9,-0.15000000000000013,-0.93,2
9,-0.15000000000000013,-0.918,0
9,-0.15000000000000013,-0.906,1
9,-0.15000000000000013,-0.894,0
9,-0.15000000000000013,-0.882,0
9,-0.15000000000000013,-0.87,3
9,-0.15000000000000013,-0.858,3
9,-0.15000000000000013,-0.8460000000000001,5
9,-0.15000000000000013,-0.8340000000000001,4
9,-0.15000000000000013,-0.8220000000000001,12
9,-0.15000000000000013,-0.81,10
9,-0.15000000000000013,-0.798,15
9,-0.15000000000000013,-0.786,13
9,-0.15000000000000013,-0.774,26
9,-0.15000000000000013,-0.762,22
9,-0.15000000000000013,-0.75,37
9,-0.15000000000000013,-0.738,52
9,-0.15000000000000013,-0.726,73
9,-0.15000000000000013,-0.714,99
9,-0.15000000000000013,-0.702,118
9,-0.15000000000000013,-0.69,157
9,-0.15000000000000013,-0.6779999999999999,181
9,-0.15000000000000013,-0.6659999999999999,252
9,-0.15000000000000013,-0.6539999999999999,289
9,-0.15000000000000013,-0.642,323
9,-0.15000000000000013,-0.6300000000000001,401
9,-0.15000000000000013,-0.6180000000000001,442
9,-0.15000000000000013,-0.6060000000000001,528
9,-0.15000000000000013,-0.5940000000000001,604
9,-0.15000000000000013,-0.5820000000000001,714
9,-0.15000000000000013,-0.5700000000000001,825
9,-0.15000000000000013,-0.558,923
9,-0.15000000000000013,-0.546,1041
9,-0.15000000000000013,-0.534,1146
9,-0.15000000000000013,-0.522,1287
9,-0.15000000000000013,-0.51,1488
9,-0.15000000000000013,-0.498,1553
9,-0.15000000000000013,-0.486,1695
9,-0.15000000000000013,-0.474,1804
9,-0.15000000000000013,-0.46199999999999997,1905
9,-0.15000000000000013,-0.44999999999999996,2001
9,-0.15000000000000013,-0.43799999999999994,2106
9,-0.15000000000000013,-0.42599999999999993,2314
9,-0.15000000000000013,-0.4139999999999999,2382
9,-0.15000000000000013,-0.4019999999999999,2333
9,-0.15000000000000013,-0.39,2578
9,-0.15000000000000013,-0.3780000000000001,2518
9,-0.15000000000000013,-0.3660000000000001,2658
9,-0.15000000000000013,-0.3540000000000001,2698
9,-0.15000000000000013,-0.3420000000000001,2697
9,-0.15000000000000013,-0.33000000000000007,2675
9,-0.15000000000000013,-0.31800000000000006,2747
9,-0.15000000000000013,-0.30600000000000005,2682
9,-0.15000000000000013,-0.29400000000000004,2640
9,-0.15000000000000013,-0.28200000000000003,2589
9,-0.15000000000000013,-0.27,2502
9,-0.15000000000000013,-0.258,2560
9,-0.15000000000000013,-0.246,2394
9,-0.15000000000000013,-0.23399999999999999,2417
9,-0.15000000000000013,-0.22199999999999998,2210
9,-0.15000000000000013,-0.20999999999999996,2220
9,-0.15000000000000013,-0.19799999999999995,2129
9,-0.15000000000000013,-0.18599999999999994,1889
9,-0.15000000000000013,-0.17399999999999993,1976
9,-0.15000000000000013,-0.16199999999999992,1706
9,-0.15000000000000013,-0.1499999999999999,1654
9,-0.15000000000000013,-0.138,1630
9,-0.15000000000000013,-0.1260000000000001,1406
9,-0.15000000000000013,-0.1140000000000001,1341
9,-0.15000000000000013,-0.10200000000000009,1271
9,-0.15000000000000013,-0.09000000000000008,1153
9,-0.15000000000000013,-0.07800000000000007,1064
9,-0.15000000000000013,-0.06600000000000006,993
9,-0.15000000000000013,-0.05400000000000005,887
9,-0.15000000000000013,-0.04200000000000004,793
9,-0.15000000000000013,-0.030000000000000027,710
9,-0.15000000000000013,-0.018000000000000016,658
9,-0.15000000000000013,-0.006000000000000005,583
9,-0.15000000000000013,0.006000000000000005,524
9,-0.15000000000000013,0.018000000000000016,445
9,-0.15000000000000013,0.030000000000000027,416
9,-0.15000000000000013,0.04200000000000004,365
9,-0.15000000000000013,0.05400000000000005,333
9,-0.15000000000000013,0.06600000000000006,287
9,-0.15000000000000013,0.07800000000000007,272
9,-0.15000000000000013,0.09000000000000008,241
9,-0.15000000000000013,0.10200000000000009,189
9,-0.15000000000000013,0.11399999999999999,163
9,-0.15000000000000013,0.1259999999999999,158
9,-0.15000000000000013,0.1379999999999999,154
9,-0.15000000000000013,0.1499999999999999,105
9,-0.15000000000000013,0.16199999999999992,88
9,-0.15000000000000013,0.17399999999999993,71
9,-0.15000000000000013,0.18599999999999994,46
9,-0.15000000000000013,0.19799999999999995,58
9,-0.15000000000000013,0.20999999999999996,43
9,-0.15000000000000013,0.22199999999999998,39
9,-0.15000000000000013,0.23399999999999999,34
9,-0.15000000000000013,0.246,21
9,-0.15000000000000013,0.258,32
9,-0.15000000000000013,0.27,14
9,-0.15000000000000013,0.28200000000000003,12
9,-0.15000000000000013,0.29400000000000004,12
9,-0.15000000000000013,0.30600000000000005,13
9,-0.15000000000000013,0.31800000000000006,11
9,-0.15000000000000013,0.33000000000000007,7
9,-0.15000000000000013,0.3420000000000001,7
9,-0.15000000000000013,0.3540000000000001,3
9,-0.15000000000000013,0.3660000000000001,4
9,-0.15000000000000013,0.3780000000000001,1
9,-0.15000000000000013,0.3900000000000001,1
9,-0.15000000000000013,0.40200000000000014,1
9,-0.15000000000000013,0.41400000000000015,1
9,-0.15000000000000013,0.42600000000000016,2
9,-0.15000000000000013,0.43800000000000017,5
9,-0.15000000000000013,0.4500000000000002,0
9,-0.15000000000000013,0.4620000000000002,0
9,-0.15000000000000013,0.4740000000000002,2
9,-0.15000000000000013,0.4860000000000002,1
9,-0.15000000000000013,0.4980000000000002,2
9,-0.15000000000000013,0.51,0
9,-0.15000000000000013,0.5219999999999998,0
9,-0.15000000000000013,0.5339999999999998,0
9,-0.15000000000000013,0.5459999999999998,0
9,-0.15000000000000013,0.5579999999999998,0
9,-0.15000000000000013,0.5699999999999998,0
9,-0.15000000000000013,0.5819999999999999,0
9,-0.15000000000000013,0.5939999999999999,0
9,-0.15000000000000013,0.6059999999999999,0
9,-0.15000000000000013,0.6179999999999999,0
9,-0.15000000000000013,0.6299999999999999,0
9,-0.15000000000000013,0.6419999999999999,0
9,-0.15000000000000013,0.6539999999999999,0
9,-0.15000000000000013,0.6659999999999999,0
9,-0.15000000000000013,0.6779999999999999,0
9,-0.15000000000000013,0.69,0
9,-0.15000000000000013,0.702,0
9,-0.15000000000000013,0.714,0
9,-0.15000000000000013,0.726,0
9,-0.15000000000000013,0.738,0
9,-0.15000000000000013,0.75,0
9,-0.15000000000000013,0.762,0
9,-0.15000000000000013,0.774,0
9,-0.15000000000000013,0.786,0
9,-0.15000000000000013,0.798,0
9,-0.15000000000000013,0.81,0
9,-0.15000000000000013,0.8220000000000001,0
9,-0.15000000000000013,0.8340000000000001,0
9,-0.15000000000000013,0.8460000000000001,0
9,-0.15000000000000013,0.8580000000000001,0
9,-0.15000000000000013,0.8700000000000001,0
9,-0.15000000000000013,0.8820000000000001,0
9,-0.15000000000000013,0.8940000000000001,0
9,-0.15000000000000013,0.9060000000000001,0
9,-0.15000000000000013,0.9180000000000001,0
9,-0.15000000000000013,0.9300000000000002,0
9,-0.15000000000000013,0.9420000000000002,0
9,-0.15000000000000013,0.9540000000000002,0
9,-0.15000000000000013,0.9660000000000002,0
9,-0.15000000000000013,0.9780000000000002,0
9,-0.15000000000000013,0.9900000000000002,0
9,-0.15000000000000013,1.0020000000000002,0
9,-0.15000000000000013,1.014,0
9,-0.15000000000000013,1.0259999999999998,0
9,-0.15000000000000013,1.0379999999999998,0
9,-0.15000000000000013,1.0499999999999998,0
9,-0.15000000000000013,1.0619999999999998,0
9,-0.15000000000000013,1.0739999999999998,0
9,-0.15000000000000013,1.0859999999999999,0
9,-0.15000000000000013,1.0979999999999999,0
9,-0.15000000000000013,1.1099999999999999,0
9,-0.15000000000000013,1.1219999999999999,0
9,-0.15000000000000013,1.134,0
9,-0.15000000000000013,1.146,0
9,-0.15000000000000013,1.158,0
9,-0.15000000000000013,1.17,0
9,-0.15000000000000013,1.182,0
9,-0.15000000000000013,1.194,0
9,-0.15000000000000013,1.206,0
9,-0.15000000000000013,1.218,0
9,-0.15000000000000013,1.23,0
9,-0.15000000000000013,1.242,0
9,-0.15000000000000013,1.254,0
9,-0.15000000000000013,1.266,0
9,-0.15000000000000013,1.278,0
9,-0.15000000000000013,1.29,0
9,-0.15000000000000013,1.302,0
9,-0.15000000000000013,1.314,0
9,-0.15000000000000013,1.326,0
9,-0.15000000000000013,1.338,0
9,-0.15000000000000013,1.35,0
9,-0.15000000000000013,1.362,0
9,-0.15000000000000013,1.374,0
9,-0.15000000000000013,1.3860000000000001,0
9,-0.15000000000000013,1.3980000000000001,0
9,-0.15000000000000013,1.4100000000000001,0
9,-0.15000000000000013,1.4220000000000002,0
9,-0.15000000000000013,1.4340000000000002,0
9,-0.15000000000000013,1.4460000000000002,0
9,-0.15000000000000013,1.4580000000000002,0
9,-0.15000000000000013,1.4700000000000002,0
9,-0.15000000000000013,1.4820000000000002,0
9,-0.15000000000000013,1.4940000000000002,0
9,-0.15000000000000013,1.5060000000000002,0
9,-0.15000000000000013,1.5180000000000002,0
9,-0.15000000000000013,1.53,0
9,-0.15000000000000013,1.5419999999999998,0
9,-0.15000000000000013,1.5539999999999998,0
9,-0.15000000000000013,1.5659999999999998,0
9,-0.15000000000000013,1.5779999999999998,0
9,-0.15000000000000013,1.5899999999999999,0
9,-0.15000000000000013,1.6019999999999999,0
9,-0.15000000000000013,1.6139999999999999,0
9,-0.15000000000000013,1.626,0
9,-0.15000000000000013,1.638,0
9,-0.15000000000000013,1.65,0
9,-0.15000000000000013,1.662,0
9,-0.15000000000000013,1.674,0
9,-0.15000000000000013,1.686,0
9,-0.15000000000000013,1.698,0
9,-0.15000000000000013,1.71,0
9,-0.15000000000000013,1.722,0
9,-0.15000000000000013,1.734,0
9,-0.15000000000000013,1.746,0
9,-0.15000000000000013,1.758,0
9,-0.15000000000000013,1.77,0
9,-0.15000000000000013,1.782,0
9,-0.15000000000000013,1.794,0
10,0.0,-1.794,0
10,0.0,-1.782,0
10,0.0,-1.77,0
10,0.0,-1.758,0
10,0.0,-1.746,0
10,0.0,-1.734,0
10,0.0,-1.722,0
10,0.0,-1.71,0
10,0.0,-1.698,0
10,0.0,-1.686,0
10,0.0,-1.6740000000000002,0
10,0.0,-1.6620000000000001,0
10,0.0,-1.6500000000000001,0
10,0.0,-1.6380000000000001,0
10,0.0,-1.6260000000000001,0
10,0.0,-1.614,0
10,0.0,-1.602,0
10,0.0,-1.59,0
10,0.0,-1.578,0
10,0.0,-1.566,0
10,0.0,-1.554,0
10,0.0,-1.542,0
10,0.0,-1.53,0
10,0.0,-1.518,0
10,0.0,-1.506,0
10,0.0,-1.494,0
10,0.0,-1.482,0
10,0.0,-1.47,0
10,0.0,-1.458,0
10,0.0,-1.446,0
10,0.0,-1.434,0
10,0.0,-1.422,0
10,0.0,-1.41,0
10,0.0,-1.398,0
10,0.0,-1.3860000000000001,0
10,0.0,-1.374,0
10,0.0,-1.362,0
10,0.0,-1.35,0
10,0.0,-1.338,0
10,0.0,-1.326,0
10,0.0,-1.314,0
10,0.0,-1.302,0
10,0.0,-1.29,0
10,0.0,-1.278,0
10,0.0,-1.266,0
10,0.0,-1.254,0
10,0.0,-1.242,0
10,0.0,-1.23,0
10,0.0,-1.218,0
10,0.0,-1.2060000000000002,0
10,0.0,-1.1940000000000002,0
10,0.0,-1.1820000000000002,0
10,0.0,-1.1700000000000002,0
10,0.0,-1.1580000000000001,0
10,0.0,-1.1460000000000001,0
10,0.0,-1.1340000000000001,0
10,0.0,-1.122,0
10,0.0,-1.11,0
10,0.0,-1.098,0
10,0.0,-1.086,0
10,0.0,-1.074,0
10,0.0,-1.062,0
10,0.0,-1.05,0
10,0.0,-1.038,0
10,0.0,-1.026,0
10,0.0,-1.014,0
10,0.0,-1.002,0
10,0.0,-0.99,0
10,0.0,-0.978,0
10,0.0,-0.966,0
10,0.0,-0.9540000000000001,0
10,0.0,-0.9420000000000001,0
10,0.0,-0.93,0
10,0.0,-0.918,0
10,0.0,-0.906,0
10,0.0,-0.894,0
10,0.0,-0.882,0
10,0.0,-0.87,0
10,0.0,-0.858,0
10,0.0,-0.8460000000000001,0
10,0.0,-0.8340000000000001,0
10,0.0,-0.8220000000000001,0
10,0.0,-0.81,0
10,0.0,-0.798,0
10,0.0,-0.786,0
10,0.0,-0.774,0
10,0.0,-0.762,0
10,0.0,-0.75,0
10,0.0,-0.738,0
10,0.0,-0.726,0
10,0.0,-0.714,3
10,0.0,-0.702,2
10,0.0,-0.69,3
10,0.0,-0.6779999999999999,1
10,0.0,-0.6659999999999999,2
10,0.0,-0.6539999999999999,3
10,0.0,-0.642,7
10,0.0,-0.6300000000000001,6
10,0.0,-0.6180000000000001,10
10,0.0,-0.6060000000000001,14
10,0.0,-0.5940000000000001,10
10,0.0,-0.5820000000000001,14
10,0.0,-0.5700000000000001,18
10,0.0,-0.558,28
10,0.0,-0.546,33
10,0.0,-0.534,33
10,0.0,-0.522,59
10,0.0,-0.51,61
10,0.0,-0.498,79
10,0.0,-0.486,103
10,0.0,-0.474,108
10,0.0,-0.46199999999999997,131
10,0.0,-0.44999999999999996,142
10,0.0,-0.43799999999999994,156
10,0.0,-0.42599999999999993,195
10,0.0,-0.4139999999999999,223
10,0.0,-0.4019999999999999,268
10,0.0,-0.39,296
10,0.0,-0.3780000000000001,367
10,0.0,-0.3660000000000001,379
10,0.0,-0.3540000000000001,471
10,0.0,-0.3420000000000001,511
10,0.0,-0.33000000000000007,580
10,0.0,-0.31800000000000006,607
10,0.0,-0.30600000000000005,709
10,0.0,-0.29400000000000004,770
10,0.0,-0.28200000000000003,858
10,0.0,-0.27,915
10,0.0,-0.258,976
10,0.0,-0.246,1077
10,0.0,-0.23399999999999999,1182
10,0.0,-0.22199999999999998,1260
10,0.0,-0.20999999999999996,1389
10,0.0,-0.19799999999999995,1425
10,0.0,-0.18599999999999994,1608
10,0.0,-0.17399999999999993,1633
10,0.0,-0.16199999999999992,1740
10,0.0,-0.1499999999999999,1719
10,0.0,-0.138,1880
10,0.0,-0.1260000000000001,1908
10,0.0,-0.1140000000000001,2018
10,0.0,-0.10200000000000009,2142
10,0.0,-0.09000000000000008,2150
10,0.0,-0.07800000000000007,2185
10,0.0,-0.06600000000000006,2236
10,0.0,-0.05400000000000005,2225
10,0.0,-0.04200000000000004,2342
10,0.0,-0.030000000000000027,2264
10,0.0,-0.018000000000000016,2317
10,0.0,-0.006000000000000005,2241
10,0.0,0.006000000000000005,2386
10,0.0,0.018000000000000016,2380
10,0.0,0.030000000000000027,2352
10,0.0,0.04200000000000004,2259
10,0.0,0.05400000000000005,2275
10,0.0,0.06600000000000006,2180
10,0.0,0.07800000000000007,2134
10,0.0,0.09000000000000008,2050
10,0.0,0.10200000000000009,2035
10,0.0,0.11399999999999999,2024
10,0.0,0.1259999999999999,1821
10,0.0,0.1379999999999999,1801
10,0.0,0.1499999999999999,1748
10,0.0,0.16199999999999992,1751
10,0.0,0.17399999999999993,1569
10,0.0,0.18599999999999994,1516
10,0.0,0.19799999999999995,1406
10,0.0,0.20999999999999996,1371
10,0.0,0.22199999999999998,1230
10,0.0,0.23399999999999999,1204
10,0.0,0.246,1026
10,0.0,0.258,1027
10,0.0,0.27,931
10,0.0,0.28200000000000003,786
10,0.0,0.29400000000000004,754
10,0.0,0.30600000000000005,746
10,0.0,0.31800000000000006,683
10,0.0,0.33000000000000007,582
10,0.0,0.3420000000000001,501
10,0.0,0.3540000000000001,464
10,0.0,0.3660000000000001,424
10,0.0,0.3780000000000001,380
10,0.0,0.3900000000000001,338
10,0.0,0.40200000000000014,271
10,0.0,0.41400000000000015,236
10,0.0,0.42600000000000016,205
10,0.0,0.43800000000000017,184
10,0.0,0.4500000000000002,156
10,0.0,0.4620000000000002,107
10,0.0,0.4740000000000002,99
10,0.0,0.4860000000000002,81
10,0.0,0.4980000000000002,72
10,0.0,0.51,70
10,0.0,0.5219999999999998,56
10,0.0,0.5339999999999998,38
10,0.0,0.5459999999999998,39
10,0.0,0.5579999999999998,36
10,0.0,0.5699999999999998,20
10,0.0,0.5819999999999999,20
10,0.0,0.5939999999999999,19
10,0.0,0.6059999999999999,11
10,0.0,0.6179999999999999,11
10,0.0,0.6299999999999999,13
10,0.0,0.6419999999999999,15
10,0.0,0.6539999999999999,2
10,0.0,0.6659999999999999,5
10,0.0,0.6779999999999999,3
10,0.0,0.69,1
10,0.0,0.702,2
10,0.0,0.714,0
10,0.0,0.726,1
10,0.0,0.738,0
10,0.0,0.75,0
10,0.0,0.762,0
10,0.0,0.774,0
10,0.0,0.786,0
10,0.0,0.798,1
10,0.0,0.81,0
10,0.0,0.8220000000000001,0
10,0.0,0.8340000000000001,0
10,0.0,0.8460000000000001,0
10,0.0,0.8580000000000001,0
10,0.0,0.8700000000000001,0
10,0.0,0.8820000000000001,0
10,0.0,0.8940000000000001,0
10,0.0,0.9060000000000001,0
10,0.0,0.9180000000000001,0
10,0.0,0.9300000000000002,0
10,0.0,0.9420000000000002,0
10,0.0,0.9540000000000002,0
10,0.0,0.9660000000000002,0
10,0.0,0.9780000000000002,0
10,0.0,0.9900000000000002,0
10,0.0,1.0020000000000002,0
10,0.0,1.014,0
10,0.0,1.0259999999999998,0
10,0.0,1.0379999999999998,0
10,0.0,1.0499999999999998,0
10,0.0,1.0619999999999998,0
10,0.0,1.0739999999999998,0
10,0.0,1.0859999999999999,0
10,0.0,1.0979999999999999,0
10,0.0,1.1099999999999999,0
10,0.0,1.1219999999999999,0
10,0.0,1.134,0
10,0.0,1.146,0
10,0.0,1.158,0
10,0.0,1.17,0
10,0.0,1.182,0
10,0.0,1.194,0
10,0.0,1.206,0
10,0.0,1.218,0
10,0.0,1.23,0
10,0.0,1.242,0
10,0.0,1.254,0
10,0.0,1.266,0
10,0.0,1.278,0
10,0.0,1.29,0
10,0.0,1.302,0
10,0.0,1.314,0
10,0.0,1.326,0
10,0.0,1.338,0
10,0.0,1.35,0
10,0.0,1.362,0
10,0.0,1.374,0
10,0.0,1.3860000000000001,0
10,0.0,1.3980000000000001,0
10,0.0,1.4100000000000001,0
10,0.0,1.4220000000000002,0
10,0.0,1.4340000000000002,0
10,0.0,1.4460000000000002,0
10,0.0,1.4580000000000002,0
10,0.0,1.4700000000000002,0
10,0.0,1.4820000000000002,0
10,0.0,1.4940000000000002,0
10,0.0,1.5060000000000002,0
10,0.0,1.5180000000000002,0
10,0.0,1.53,0
10,0.0,1.5419999999999998,0
10,0.0,1.5539999999999998,0
10,0.0,1.5659999999999998,0
10,0.0,1.5779999999999998,0
10,0.0,1.5899999999999999,0
10,0.0,1.6019999999999999,0
10,0.0,1.6139999999999999,0
10,0.0,1.626,0
10,0.0,1.638,0
10,0.0,1.65,0
10,0.0,1.662,0
10,0.0,1.674,0
10,0.0,1.686,0
10,0.0,1.698,0
10,0.0,1.71,0
10,0.0,1.722,0
10,0.0,1.734,0
10,0.0,1.746,0
10,0.0,1.758,0
10,0.0,1.77,0
10,0.0,1.782,0
10,0.0,1.794,0
11,0.1499999999999999,-1.794,0
11,0.1499999999999999,-1.782,0
11,0.1499999999999999,-1.77,0
11,0.1499999999999999,-1.758,0
11,0.1499999999999999,-1.746,0
11,0.1499999999999999,-1.734,0
11,0.1499999999999999,-1.722,0
11,0.1499999999999999,-1.71,0
11,0.1499999999999999,-1.698,0
11,0.1499999999999999,-1.686,0
11,0.1499999999999999,-1.6740000000000002,0
11,0.1499999999999999,-1.6620000000000001,0
11,0.1499999999999999,-1.6500000000000001,0
11,0.1499999999999999,-1.6380000000000001,0
11,0.1499999999999999,-1.6260000000000001,0
11,0.1499999999999999,-1.614,0
11,0.1499999999999999,-1.602,0
11,0.1499999999999999,-1.59,0
11,0.1499999999999999,-1.578,0
11,0.1499999999999999,-1.566,0
11,0.1499999999999999,-1.554,0
11,0.1499999999999999,-1.542,0
11,0.1499999999999999,-1.53,0
11,0.1499999999999999,-1.518,0
11,0.1499999999999999,-1.506,0
11,0.1499999999999999,-1.494,0
11,0.1499999999999999,-1.482,0
11,0.1499999999999999,-1.47,0
11,0.1499999999999999,-1.458,0
11,0.1499999999999999,-1.446,0
11,0.1499999999999999,-1.434,0
11,0.1499999999999999,-1.422,0
11,0.1499999999999999,-1.41,0
11,0.1499999999999999,-1.398,0
11,0.1499999999999999,-1.3860000000000001,0
11,0.1499999999999999,-1.374,0
11,0.1499999999999999,-1.362,0
11,0.1499999999999999,-1.35,0
11,0.1499999999999999,-1.338,0
11,0.1499999999999999,-1.326,0
11,0.1499999999999999,-1.314,0
11,0.1499999999999999,-1.302,0
11,0.1499999999999999,-1.29,0
11,0.1499999999999999,-1.278,0
11,0.1499999999999999,-1.266,0
11,0.1499999999999999,-1.254,0
11,0.1499999999999999,-1.242,0
11,0.1499999999999999,-1.23,0
11,0.1499999999999999,-1.218,0
11,0.1499999999999999,-1.2060000000000002,0
11,0.1499999999999999,-1.1940000000000002,0
11,0.1499999999999999,-1.1820000000000002,0
11,0.1499999999999999,-1.1700000000000002,0
11,0.1499999999999999,-1.1580000000000001,0
11,0.1499999999999999,-1.1460000000000001,0
11,0.1499999999999999,-1.1340000000000001,0
11,0.1499999999999999,-1.122,0
11,0.1499999999999999,-1.11,0
11,0.1499999999999999,-1.098,0
11,0.1499999999999999,-1.086,0
11,0.1499999999999999,-1.074,0
11,0.1499999999999999,-1.062,0
11,0.1499999999999999,-1.05,0
11,0.1499999999999999,-1.038,0
11,0.1499999999999999,-1.026,0
11,0.1499999999999999,-1.014,0
11,0.1499999999999999,-1.002,0
11,0.1499999999999999,-0.99,0
11,0.1499999999999999,-0.978,0
11,0.1499999999999999,-0.966,0
11,0.1499999999999999,-0.9540000000000001,0
11,0.1499999999999999,-0.9420000000000001,0
11,0.1499999999999999,-0.93,0
11,0.1499999999999999,-0.918,0
11,0.1499999999999999,-0.906,0
11,0.1499999999999999,-0.894,0
11,0.1499999999999999,-0.882,0
11,0.1499999999999999,-0.87,0
11,0.1499999999999999,-0.858,0
11,0.1499999999999999,-0.8460000000000001,0
11,0.1499999999999999,-0.8340000000000001,0
11,0.1499999999999999,-0.8220000000000001,0
11,0.1499999999999999,-0.81,0
11,0.1499999999999999,-0.798,0
11,0.1499999999999999,-0.786,0
11,0.1499999999999999,-0.774,0
11,0.1499999999999999,-0.762,0
11,0.1499999999999999,-0.75,0
11,0.1499999999999999,-0.738,0
11,0.1499999999999999,-0.726,0
11,0.1499999999999999,-0.714,0
11,0.1499999999999999,-0.702,0
11,0.1499999999999999,-0.69,0
11,0.1499999999999999,-0.6779999999999999,0
11,0.1499999999999999,-0.6659999999999999,0
11,0.1499999999999999,-0.6539999999999999,0
11,0.1499999999999999,-0.642,0
11,0.1499999999999999,-0.6300000000000001,0
11,0.1499999999999999,-0.6180000000000001,0
11,0.1499999999999999,-0.6060000000000001,0
11,0.1499999999999999,-0.5940000000000001,0
11,0.1499999999999999,-0.5820000000000001,0
11,0.1499999999999999,-0.5700000000000001,0
11,0.1499999999999999,-0.558,0
11,0.1499999999999999,-0.546,0
11,0.1499999999999999,-0.534,0
11,0.1499999999999999,-0.522,0
11,0.1499999999999999,-0.51,0
11,0.1499999999999999,-0.498,0
11,0.1499999999999999,-0.486,3
11,0.1499999999999999,-0.474,0
11,0.1499999999999999,-0.46199999999999997,0
11,0.1499999999999999,-0.44999999999999996,0
11,0.1499999999999999,-0.43799999999999994,5
11,0.1499999999999999,-0.42599999999999993,2
11,0.1499999999999999,-0.4139999999999999,1
11,0.1499999999999999,-0.4019999999999999,1
11,0.1499999999999999,-0.39,1
11,0.1499999999999999,-0.3780000000000001,4
11,0.1499999999999999,-0.3660000000000001,4
11,0.1499999999999999,-0.3540000000000001,6
11,0.1499999999999999,-0.3420000000000001,7
11,0.1499999999999999,-0.33000000000000007,9
11,0.1499999999999999,-0.31800000000000006,8
11,0.1499999999999999,-0.30600000000000005,8
11,0.1499999999999999,-0.29400000000000004,15
11,0.1499999999999999,-0.28200000000000003,22
11,0.1499999999999999,-0.27,18
11,0.1499999999999999,-0.258,28
11,0.1499999999999999,-0.246,36
11,0.1499999999999999,-0.23399999999999999,36
11,0.1499999999999999,-0.22199999999999998,50
11,0.1499999999999999,-0.20999999999999996,73
11,0.1499999999999999,-0.19799999999999995,61
11,0.1499999999999999,-0.18599999999999994,65
11,0.1499999999999999,-0.17399999999999993,73
11,0.1499999999999999,-0.16199999999999992,96
11,0.1499999999999999,-0.1499999999999999,106
11,0.1499999999999999,-0.138,146
11,0.1499999999999999,-0.1260000000000001,144
11,0.1499999999999999,-0.1140000000000001,153
11,0.1499999999999999,-0.10200000000000009,204
11,0.1499999999999999,-0.09000000000000008,234
11,0.1499999999999999,-0.07800000000000007,236
11,0.1499999999999999,-0.06600000000000006,282
11,0.1499999999999999,-0.05400000000000005,375
11,0.1499999999999999,-0.04200000000000004,403
11,0.1499999999999999,-0.030000000000000027,431
11,0.1499999999999999,-0.018000000000000016,456
11,0.1499999999999999,-0.006000000000000005,550
11,0.1499999999999999,0.006000000000000005,572
11,0.1499999999999999,0.018000000000000016,647
11,0.1499999999999999,0.030000000000000027,781
11,0.1499999999999999,0.04200000000000004,777
11,0.1499999999999999,0.05400000000000005,836
11,0.1499999999999999,0.06600000000000006,940
11,0.1499999999999999,0.07800000000000007,1023
11,0.1499999999999999,0.09000000000000008,1195
11,0.1499999999999999,0.10200000000000009,1260
11,0.1499999999999999,0.11399999999999999,1360
11,0.1499999999999999,0.1259999999999999,1404
11,0.1499999999999999,0.1379999999999999,1518
11,0.1499999999999999,0.1499999999999999,1633
11,0.1499999999999999,0.16199999999999992,1787
11,0.1499999999999999,0.17399999999999993,1774
11,0.1499999999999999,0.18599999999999994,2027
11,0.1499999999999999,0.19799999999999995,2107
11,0.1499999999999999,0.20999999999999996,2095
11,0.1499999999999999,0.22199999999999998,2223
11,0.1499999999999999,0.23399999999999999,2387
11,0.1499999999999999,0.246,2347
11,0.1499999999999999,0.258,2464
11,0.1499999999999999,0.27,2589
11,0.1499999999999999,0.28200000000000003,2533
11,0.1499999999999999,0.29400000000000004,2652
11,0.1499999999999999,0.30600000000000005,2684
11,0.1499999999999999,0.31800000000000006,2631
11,0.1499999999999999,0.33000000000000007,2629
11,0.1499999999999999,0.3420000000000001,2571
11,0.1499999999999999,0.3540000000000001,2616
11,0.1499999999999999,0.3660000000000001,2624
11,0.1499999999999999,0.3780000000000001,2584
11,0.1499999999999999,0.3900000000000001,2500
11,0.1499999999999999,0.40200000000000014,2569
11,0.1499999999999999,0.41400000000000015,2388
11,0.1499999999999999,0.42600000000000016,2229
11,0.1499999999999999,0.43800000000000017,2207
11,0.1499999999999999,0.4500000000000002,2096
11,0.1499999999999999,0.4620000000000002,2028
11,0.1499999999999999,0.4740000000000002,1777
11,0.1499999999999999,0.4860000000000002,1710
11,0.1499999999999999,0.4980000000000002,1587
11,0.1499999999999999,0.51,1387
11,0.1499999999999999,0.5219999999999998,1289
11,0.1499999999999999,0.5339999999999998,1270
11,0.1499999999999999,0.5459999999999998,1078
11,0.1499999999999999,0.5579999999999998,932
11,0.1499999999999999,0.5699999999999998,885
11,0.1499999999999999,0.5819999999999999,759
11,0.1499999999999999,0.5939999999999999,620
11,0.1499999999999999,0.6059999999999999,508
11,0.1499999999999999,0.6179999999999999,494
11,0.1499999999999999,0.6299999999999999,365
11,0.1499999999999999,0.6419999999999999,339
11,0.1499999999999999,0.6539999999999999,252
11,0.1499999999999999,0.6659999999999999,227
11,0.1499999999999999,0.6779999999999999,188
11,0.1499999999999999,0.69,169
11,0.1499999999999999,0.702,122
11,0.1499999999999999,0.714,87
11,0.1499999999999999,0.726,77
11,0.1499999999999999,0.738,68
11,0.1499999999999999,0.75,41
11,0.1499999999999999,0.762,31
11,0.1499999999999999,0.774,29
11,0.1499999999999999,0.786,17
11,0.1499999999999999,0.798,13
11,0.1499999999999999,0.81,8
11,0.1499999999999999,0.8220000000000001,13
11,0.1499999999999999,0.8340000000000001,3
11,0.1499999999999999,0.8460000000000001,8
11,0.1499999999999999,0.8580000000000001,2
11,0.1499999999999999,0.8700000000000001,2
11,0.1499999999999999,0.8820000000000001,2
11,0.1499999999999999,0.8940000000000001,1
11,0.1499999999999999,0.9060000000000001,0
11,0.1499999999999999,0.9180000000000001,1
11,0.1499999999999999,0.9300000000000002,0
11,0.1499999999999999,0.9420000000000002,0
11,0.1499999999999999,0.9540000000000002,0
11,0.1499999999999999,0.9660000000000002,0
11,0.1499999999999999,0.9780000000000002,0
11,0.1499999999999999,0.9900000000000002,0
11,0.1499999999999999,1.0020000000000002,0
11,0.1499999999999999,1.014,0
11,0.1499999999999999,1.0259999999999998,0
11,0.1499999999999999,1.0379999999999998,0
11,0.1499999999999999,1.0499999999999998,0
11,0.1499999999999999,1.0619999999999998,0
11,0.1499999999999999,1.0739999999999998,0
11,0.1499999999999999,1.0859999999999999,0
11,0.1499999999999999,1.0979999999999999,0
11,0.1499999999999999,1.1099999999999999,0
11,0.1499999999999999,1.1219999999999999,0
11,0.1499999999999999,1.134,0
11,0.1499999999999999,1.146,0
11,0.1499999999999999,1.158,0
11,0.1499999999999999,1.17,0
11,0.1499999999999999,1.182,0
11,0.1499999999999999,1.194,0
11,0.1499999999999999,1.206,0
11,0.1499999999999999,1.218,0
11,0.1499999999999999,1.23,0
11,0.1499999999999999,1.242,0
11,0.1499999999999999,1.254,0
11,0.1499999999999999,1.266,0
11,0.1499999999999999,1.278,0
11,0.1499999999999999,1.29,0
11,0.1499999999999999,1.302,0
11,0.1499999999999999,1.314,0
11,0.1499999999999999,1.326,0
11,0.1499999999999999,1.338,0
11,0.1499999999999999,1.35,0
11,0.1499999999999999,1.362,0
11,0.1499999999999999,1.374,0
11,0.1499999999999999,1.3860000000000001,0
11,0.1499999999999999,1.3980000000000001,0
11,0.1499999999999999,1.4100000000000001,0
11,0.1499999999999999,1.4220000000000002,0
11,0.1499999999999999,1.4340000000000002,0
11,0.1499999999999999,1.4460000000000002,0
11,0.1499999999999999,1.4580000000000002,0
11,0.1499999999999999,1.4700000000000002,0
11,0.1499999999999999,1.4820000000000002,0
11,0.1499999999999999,1.4940000000000002,0
11,0.1499999999999999,1.5060000000000002,0
11,0.1499999999999999,1.5180000000000002,0
11,0.1499999999999999,1.53,0
11,0.1499999999999999,1.5419999999999998,0
11,0.1499999999999999,1.5539999999999998,0
11,0.1499999999999999,1.5659999999999998,0
11,0.1499999999999999,1.5779999999999998,0
11,0.1499999999999999,1.5899999999999999,0
11,0.1499999999999999,1.6019999999999999,0
11,0.1499999999999999,1.6139999999999999,0
11,0.1499999999999999,1.626,0
11,0.1499999999999999,1.638,0
11,0.1499999999999999,1.65,0
11,0.1499999999999999,1.662,0
11,0.1499999999999999,1.674,0
11,0.1499999999999999,1.686,0
11,0.1499999999999999,1.698,0
11,0.1499999999999999,1.71,0
11,0.1499999999999999,1.722,0
11,0.1499999999999999,1.734,0
11,0.1499999999999999,1.746,0
11,0.1499999999999999,1.758,0
11,0.1499999999999999,1.77,0
11,0.1499999999999999,1.782,0
11,0.1499999999999999,1.794,0
12,0.2999999999999998,-1.794,0
12,0.2999999999999998,-1.782,0
12,0.2999999999999998,-1.77,0
12,0.2999999999999998,-1.758,0
12,0.2999999999999998,-1.746,0
12,0.2999999999999998,-1.734,0
12,0.2999999999999998,-1.722,0
12,0.2999999999999998,-1.71,0
12,0.2999999999999998,-1.698,0
12,0.2999999999999998,-1.686,0
12,0.2999999999999998,-1.6740000000000002,0
12,0.2999999999999998,-1.6620000000000001,0
12,0.2999999999999998,-1.6500000000000001,0
12,0.2999999999999998,-1.6380000000000001,0
12,0.2999999999999998,-1.6260000000000001,0
12,0.2999999999999998,-1.614,0
12,0.2999999999999998,-1.602,0
12,0.2999999999999998,-1.59,0
12,0.2999999999999998,-1.578,0
12,0.2999999999999998,-1.566,0
12,0.2999999999999998,-1.554,0
12,0.2999999999999998,-1.542,0
12,0.2999999999999998,-1.53,0
12,0.2999999999999998,-1.518,0
12,0.2999999999999998,-1.506,0
12,0.2999999999999998,-1.494,0
12,0.2999999999999998,-1.482,0
12,0.2999999999999998,-1.47,0
12,0.2999999999999998,-1.458,0
12,0.2999999999999998,-1.446,0
12,0.2999999999999998,-1.434,0
12,0.2999999999999998,-1.422,0
12,0.2999999999999998,-1.41,0
12,0.2999999999999998,-1.398,0
12,0.2999999999999998,-1.3860000000000001,0
12,0.2999999999999998,-1.374,0
12,0.2999999999999998,-1.362,0
12,0.2999999999999998,-1.35,0
12,0.2999999999999998,-1.338,0
12,0.2999999999999998,-1.326,0
12,0.2999999999999998,-1.314,0
12,0.2999999999999998,-1.302,0
12,0.2999999999999998,-1.29,0
12,0.2999999999999998,-1.278,0
12,0.2999999999999998,-1.266,0
12,0.2999999999999998,-1.254,0
12,0.2999999999999998,-1.242,0
12,0.2999999999999998,-1.23,0
12,0.2999999999999998,-1.218,0
12,0.2999999999999998,-1.2060000000000002,0
12,0.2999999999999998,-1.1940000000000002,0
12,0.2999999999999998,-1.1820000000000002,0
12,0.2999999999999998,-1.1700000000000002,0
12,0.2999999999999998,-1.1580000000000001,0
12,0.2999999999999998,-1.1460000000000001,0
12,0.2999999999999998,-1.1340000000000001,0
12,0.2999999999999998,-1.122,0
12,0.2999999999999998,-1.11,0
12,0.2999999999999998,-1.098,0
12,0.2999999999999998,-1.086,0
12,0.2999999999999998,-1.074,0
12,0.2999999999999998,-1.062,0
12,0.2999999999999998,-1.05,0
12,0.2999999999999998,-1.038,0
12,0.2999999999999998,-1.026,0
12,0.2999999999999998,-1.014,0
12,0.2999999999999998,-1.002,0
12,0.2999999999999998,-0.99,0
12,0.2999999999999998,-0.978,0
12,0.2999999999999998,-0.966,0
12,0.2999999999999998,-0.9540000000000001,0
12,0.2999999999999998,-0.9420000000000001,0
12,0.2999999999999998,-0.93,0
12,0.2999999999999998,-0.918,0
12,0.2999999999999998,-0.906,0
12,0.2999999999999998,-0.894,0
12,0.2999999999999998,-0.882,0
12,0.2999999999999998,-0.87,0
12,0.2999999999999998,-0.858,0
12,0.2999999999999998,-0.8460000000000001,0
12,0.2999999999999998,-0.8340000000000001,0
12,0.2999999999999998,-0.8220000000000001,0
12,0.2999999999999998,-0.81,0
12,0.2999999999999998,-0.798,0
12,0.2999999999999998,-0.786,0
12,0.2999999999999998,-0.774,0
12,0.2999999999999998,-0.762,0
12,0.2999999999999998,-0.75,0
12,0.2999999999999998,-0.738,0
12,0.2999999999999998,-0.726,0
12,0.2999999999999998,-0.714,0
12,0.2999999999999998,-0.702,0
12,0.2999999999999998,-0.69,0
12,0.2999999999999998,-0.6779999999999999,0
12,0.2999999999999998,-0.6659999999999999,0
12,0.2999999999999998,-0.6539999999999999,0
12,0.2999999999999998,-0.642,0
12,0.2999999999999998,-0.6300000000000001,0
12,0.2999999999999998,-0.6180000000000001,0
12,0.2999999999999998,-0.6060000000000001,0
12,0.2999999999999998,-0.5940000000000001,0
12,0.2999999999999998,-0.5820000000000001,0
12,0.2999999999999998,-0.5700000000000001,0
12,0.2999999999999998,-0.558,0
12,0.2999999999999998,-0.546,0
12,0.2999999999999998,-0.534,0
12,0.2999999999999998,-0.522,0
12,0.2999999999999998,-0.51,0
12,0.2999999999999998,-0.498,0
12,0.2999999999999998,-0.486,0
12,0.2999999999999998,-0.474,0
12,0.2999999999999998,-0.46199999999999997,0
12,0.2999999999999998,-0.44999999999999996,0
12,0.2999999999999998,-0.43799999999999994,0
12,0.2999999999999998,-0.42599999999999993,0
12,0.2999999999999998,-0.4139999999999999,0
12,0.2999999999999998,-0.4019999999999999,0
12,0.2999999999999998,-0.39,0
12,0.2999999999999998,-0.3780000000000001,0
12,0.2999999999999998,-0.3660000000000001,0
12,0.2999999999999998,-0.3540000000000001,0
12,0.2999999999999998,-0.3420000000000001,0
12,0.2999999999999998,-0.33000000000000007,0
12,0.2999999999999998,-0.31800000000000006,0
12,0.2999999999999998,-0.30600000000000005,0
12,0.2999999999999998,-0.29400000000000004,0
12,0.2999999999999998,-0.28200000000000003,0
12,0.2999999999999998,-0.27,0
12,0.2999999999999998,-0.258,0
12,0.2999999999999998,-0.246,0
12,0.2999999999999998,-0.23399999999999999,0
12,0.2999999999999998,-0.22199999999999998,0
12,0.2999999999999998,-0.20999999999999996,1
12,0.2999999999999998,-0.19799999999999995,0
12,0.2999999999999998,-0.18599999999999994,1
12,0.2999999999999998,-0.17399999999999993,0
12,0.2999999999999998,-0.16199999999999992,0
12,0.2999999999999998,-0.1499999999999999,1
12,0.2999999999999998,-0.138,2
12,0.2999999999999998,-0.1260000000000001,0
12,0.2999999999999998,-0.1140000000000001,0
12,0.2999999999999998,-0.10200000000000009,1
12,0.2999999999999998,-0.09000000000000008,4
12,0.2999999999999998,-0.07800000000000007,4
12,0.2999999999999998,-0.06600000000000006,3
12,0.2999999999999998,-0.05400000000000005,3
12,0.2999999999999998,-0.04200000000000004,5
12,0.2999999999999998,-0.030000000000000027,7
12,0.2999999999999998,-0.018000000000000016,13
12,0.2999999999999998,-0.006000000000000005,14
12,0.2999999999999998,0.006000000000000005,14
12,0.2999999999999998,0.018000000000000016,15
12,0.2999999999999998,0.030000000000000027,18
12,0.2999999999999998,0.04200000000000004,23
12,0.2999999999999998,0.05400000000000005,35
12,0.2999999999999998,0.06600000000000006,37
12,0.2999999999999998,0.07800000000000007,38
12,0.2999999999999998,0.09000000000000008,52
12,0.2999999999999998,0.10200000000000009,59
12,0.2999999999999998,0.11399999999999999,85
12,0.2999999999999998,0.1259999999999999,113
12,0.2999999999999998,0.1379999999999999,132
12,0.2999999999999998,0.1499999999999999,180
12,0.2999999999999998,0.16199999999999992,166
12,0.2999999999999998,0.17399999999999993,221
12,0.2999999999999998,0.18599999999999994,242
12,0.2999999999999998,0.19799999999999995,318
12,0.2999999999999998,0.20999999999999996,343
12,0.2999999999999998,0.22199999999999998,365
12,0.2999999999999998,0.23399999999999999,469
12,0.2999999999999998,0.246,514
12,0.2999999999999998,0.258,571
12,0.2999999999999998,0.27,659
12,0.2999999999999998,0.28200000000000003,773
12,0.2999999999999998,0.29400000000000004,879
12,0.2999999999999998,0.30600000000000005,960
12,0.2999999999999998,0.31800000000000006,1101
12,0.2999999999999998,0.33000000000000007,1195
12,0.2999999999999998,0.3420000000000001,1366
12,0.2999999999999998,0.3540000000000001,1528
12,0.2999999999999998,0.3660000000000001,1656
12,0.2999999999999998,0.3780000000000001,1777
12,0.2999999999999998,0.3900000000000001,1964
12,0.2999999999999998,0.40200000000000014,2078
12,0.2999999999999998,0.41400000000000015,2328
12,0.2999999999999998,0.42600000000000016,2435
12,0.2999999999999998,0.43800000000000017,2541
12,0.2999999999999998,0.4500000000000002,2727
12,0.2999999999999998,0.4620000000000002,2909
12,0.2999999999999998,0.4740000000000002,2902
12,0.2999999999999998,0.4860000000000002,3065
12,0.2999999999999998,0.4980000000000002,3113
12,0.2999999999999998,0.51,3115
12,0.2999999999999998,0.5219999999999998,3370
12,0.2999999999999998,0.5339999999999998,3329
12,0.2999999999999998,0.5459999999999998,3221
12,0.2999999999999998,0.5579999999999998,3212
12,0.2999999999999998,0.5699999999999998,3187
12,0.2999999999999998,0.5819999999999999,3109
12,0.2999999999999998,0.5939999999999999,2990
12,0.2999999999999998,0.6059999999999999,2936
12,0.2999999999999998,0.6179999999999999,2786
12,0.2999999999999998,0.6299999999999999,2582
12,0.2999999999999998,0.6419999999999999,2475
12,0.2999999999999998,0.6539999999999999,2276
12,0.2999999999999998,0.6659999999999999,2129
12,0.2999999999999998,0.6779999999999999,1898
12,0.2999999999999998,0.69,1697
12,0.2999999999999998,0.702,1489
12,0.2999999999999998,0.714,1299
12,0.2999999999999998,0.726,1154
12,0.2999999999999998,0.738,1106
12,0.2999999999999998,0.75,917
12,0.2999999999999998,0.762,757
12,0.2999999999999998,0.774,591
12,0.2999999999999998,0.786,512
12,0.2999999999999998,0.798,415
12,0.2999999999999998,0.81,338
12,0.2999999999999998,0.8220000000000001,258
12,0.2999999999999998,0.8340000000000001,206
12,0.2999999999999998,0.8460000000000001,163
12,0.2999999999999998,0.8580000000000001,130
12,0.2999999999999998,0.8700000000000001,103
12,0.2999999999999998,0.8820000000000001,63
12,0.2999999999999998,0.8940000000000001,41
12,0.2999999999999998,0.9060000000000001,31
12,0.2999999999999998,0.9180000000000001,27
12,0.2999999999999998,0.9300000000000002,14
12,0.2999999999999998,0.9420000000000002,16
12,0.2999999999999998,0.9540000000000002,10
12,0.2999999999999998,0.9660000000000002,4
12,0.2999999999999998,0.9780000000000002,6
12,0.2999999999999998,0.9900000000000002,4
12,0.2999999999999998,1.0020000000000002,6
12,0.2999999999999998,1.014,1
12,0.2999999999999998,1.0259999999999998,1
12,0.2999999999999998,1.0379999999999998,1
12,0.2999999999999998,1.0499999999999998,0
12,0.2999999999999998,1.0619999999999998,0
12,0.2999999999999998,1.0739999999999998,0
12,0.2999999999999998,1.0859999999999999,0
12,0.2999999999999998,1.0979999999999999,0
12,0.2999999999999998,1.1099999999999999,0
12,0.2999999999999998,1.1219999999999999,0
12,0.2999999999999998,1.134,0
12,0.2999999999999998,1.146,0
12,0.2999999999999998,1.158,0
12,0.2999999999999998,1.17,0
12,0.2999999999999998,1.182,0
12,0.2999999999999998,1.194,0
12,0.2999999999999998,1.206,0
12,0.2999999999999998,1.218,0
12,0.2999999999999998,1.23,0
12,0.2999999999999998,1.242,0
12,0.2999999999999998,1.254,0
12,0.2999999999999998,1.266,0
12,0.2999999999999998,1.278,0
12,0.2999999999999998,1.29,0
12,0.2999999999999998,1.302,0
12,0.2999999999999998,1.314,0
12,0.2999999999999998,1.326,0
12,0.2999999999999998,1.338,0
12,0.2999999999999998,1.35,0
12,0.2999999999999998,1.362,0
12,0.2999999999999998,1.374,0
12,0.2999999999999998,1.3860000000000001,0
12,0.2999999999999998,1.3980000000000001,0
12,0.2999999999999998,1.4100000000000001,0
12,0.2999999999999998,1.4220000000000002,0
12,0.2999999999999998,1.4340000000000002,0
12,0.2999999999999998,1.4460000000000002,0
12,0.2999999999999998,1.4580000000000002,0
12,0.2999999999999998,1.4700000000000002,0
12,0.2999999999999998,1.4820000000000002,0
12,0.2999999999999998,1.4940000000000002,0
12,0.2999999999999998,1.5060000000000002,0
12,0.2999999999999998,1.5180000000000002,0
12,0.2999999999999998,1.53,0
12,0.2999999999999998,1.5419999999999998,0
12,0.2999999999999998,1.5539999999999998,0
12,0.2999999999999998,1.5659999999999998,0
12,0.2999999999999998,1.5779999999999998,0
12,0.2999999999999998,1.5899999999999999,0
12,0.2999999999999998,1.6019999999999999,0
12,0.2999999999999998,1.6139999999999999,0
12,0.2999999999999998,1.626,0
12,0.2999999999999998,1.638,0
12,0.2999999999999998,1.65,0
12,0.2999999999999998,1.662,0
12,0.2999999999999998,1.674,0
12,0.2999999999999998,1.686,0
12,0.2999999999999998,1.698,0
12,0.2999999999999998,1.71,0
12,0.2999999999999998,1.722,0
12,0.2999999999999998,1.734,0
12,0.2999999999999998,1.746,0
12,0.2999999999999998,1.758,0
12,0.2999999999999998,1.77,0
12,0.2999999999999998,1.782,0
12,0.2999999999999998,1.794,0
13,0.44999999999999996,-1.794,0
13,0.44999999999999996,-1.782,0
13,0.44999999999999996,-1.77,0
13,0.44999999999999996,-1.758,0
13,0.44999999999999996,-1.746,0
13,0.44999999999999996,-1.734,0
13,0.44999999999999996,-1.722,0
13,0.44999999999999996,-1.71,0
13,0.44999999999999996,-1.698,0
13,0.44999999999999996,-1.686,0
13,0.44999999999999996,-1.6740000000000002,0
13,0.44999999999999996,-1.6620000000000001,0
13,0.44999999999999996,-1.6500000000000001,0
13,0.44999999999999996,-1.6380000000000001,0
13,0.44999999999999996,-1.6260000000000001,0
13,0.44999999999999996,-1.614,0
13,0.44999999999999996,-1.602,0
13,0.44999999999999996,-1.59,0
13,0.44999999999999996,-1.578,0
13,0.44999999999999996,-1.566,0
13,0.44999999999999996,-1.554,0
13,0.44999999999999996,-1.542,0
13,0.44999999999999996,-1.53,0
13,0.44999999999999996,-1.518,0
13,0.44999999999999996,-1.506,0
13,0.44999999999999996,-1.494,0
13,0.44999999999999996,-1.482,0
13,0.44999999999999996,-1.47,0
13,0.44999999999999996,-1.458,0
13,0.44999999999999996,-1.446,0
13,0.44999999999999996,-1.434,0
13,0.44999999999999996,-1.422,0
13,0.44999999999999996,-1.41,0
13,0.44999999999999996,-1.398,0
13,0.44999999999999996,-1.3860000000000001,0
13,0.44999999999999996,-1.374,0
13,0.44999999999999996,-1.362,0
13,0.44999999999999996,-1.35,0
13,0.44999999999999996,-1.338,0
13,0.44999999999999996,-1.326,0
13,0.44999999999999996,-1.314,0
13,0.44999999999999996,-1.302,0
13,0.44999999999999996,-1.29,0
13,0.44999999999999996,-1.278,0
13,0.44999999999999996,-1.266,0
13,0.44999999999999996,-1.254,0
13,0.44999999999999996,-1.242,0
13,0.44999999999999996,-1.23,0
13,0.44999999999999996,-1.218,0
13,0.44999999999999996,-1.2060000000000002,0
13,0.44999999999999996,-1.1940000000000002,0
13,0.44999999999999996,-1.1820000000000002,0
13,0.44999999999999996,-1.1700000000000002,0
13,0.44999999999999996,-1.1580000000000001,0
13,0.44999999999999996,-1.1460000000000001,0
13,0.44999999999999996,-1.1340000000000001,0
13,0.44999999999999996,-1.122,0
13,0.44999999999999996,-1.11,0
13,0.44999999999999996,-1.098,0
13,0.44999999999999996,-1.086,0
13,0.44999999999999996,-1.074,0
13,0.44999999999999996,-1.062,0
13,0.44999999999999996,-1.05,0
13,0.44999999999999996,-1.038,0
13,0.44999999999999996,-1.026,0
13,0.44999999999999996,-1.014,0
13,0.44999999999999996,-1.002,0
13,0.44999999999999996,-0.99,0
13,0.44999999999999996,-0.978,0
13,0.44999999999999996,-0.966,0
13,0.44999999999999996,-0.9540000000000001,0
13,0.44999999999999996,-0.9420000000000001,0
13,0.44999999999999996,-0.93,0
13,0.44999999999999996,-0.918,0
13,0.44999999999999996,-0.906,0
13,0.44999999999999996,-0.894,0
13,0.44999999999999996,-0.882,0
13,0.44999999999999996,-0.87,0
13,0.44999999999999996,-0.858,0
13,0.44999999999999996,-0.8460000000000001,0
13,0.44999999999999996,-0.8340000000000001,0
13,0.44999999999999996,-0.8220000000000001,0
13,0.44999999999999996,-0.81,0
13,0.44999999999999996,-0.798,0
13,0.44999999999999996,-0.786,0
13,0.44999999999999996,-0.774,0
13,0.44999999999999996,-0.762,0
13,0.44999999999999996,-0.75,0
13,0.44999999999999996,-0.738,0
13,0.44999999999999996,-0.726,0
13,0.44999999999999996,-0.714,0
13,0.44999999999999996,-0.702,0
13,0.44999999999999996,-0.69,0
13,0.44999999999999996,-0.6779999999999999,0
13,0.44999999999999996,-0.6659999999999999,0
13,0.44999999999999996,-0.6539999999999999,0
13,0.44999999999999996,-0.642,0
13,0.44999999999999996,-0.6300000000000001,0
13,0.44999999999999996,-0.6180000000000001,0
13,0.44999999999999996,-0.6060000000000001,0
13,0.44999999999999996,-0.5940000000000001,0
13,0.44999999999999996,-0.5820000000000001,0
13,0.44999999999999996,-0.5700000000000001,0
13,0.44999999999999996,-0.558,0
13,0.44999999999999996,-0.546,0
13,0.44999999999999996,-0.534,0
13,0.44999999999999996,-0.522,0
13,0.44999999999999996,-0.51,0
13,0.44999999999999996,-0.498,0
13,0.44999999999999996,-0.486,0
13,0.44999999999999996,-0.474,0
13,0.44999999999999996,-0.46199999999999997,0
13,0.44999999999999996,-0.44999999999999996,0
13,0.44999999999999996,-0.43799999999999994,0
13,0.44999999999999996,-0.42599999999999993,0
13,0.44999999999999996,-0.4139999999999999,0
13,0.44999999999999996,-0.4019999999999999,0
13,0.44999999999999996,-0.39,0
13,0.44999999999999996,-0.3780000000000001,0
13,0.44999999999999996,-0.3660000000000001,0
13,0.44999999999999996,-0.3540000000000001,0
13,0.44999999999999996,-0.3420000000000001,0
13,0.44999999999999996,-0.33000000000000007,0
13,0.44999999999999996,-0.31800000000000006,0
13,0.44999999999999996,-0.30600000000000005,0
13,0.44999999999999996,-0.29400000000000004,0
13,0.44999999999999996,-0.28200000000000003,0
13,0.44999999999999996,-0.27,0
13,0.44999999999999996,-0.258,0
13,0.44999999999999996,-0.246,0
13,0.44999999999999996,-0.23399999999999999,0
13,0.44999999999999996,-0.22199999999999998,0
13,0.44999999999999996,-0.20999999999999996,0
13,0.44999999999999996,-0.19799999999999995,0
13,0.44999999999999996,-0.18599999999999994,0
13,0.44999999999999996,-0.17399999999999993,0
13,0.44999999999999996,-0.16199999999999992,0
13,0.44999999999999996,-0.1499999999999999,0
13,0.44999999999999996,-0.138,0
13,0.44999999999999996,-0.1260000000000001,0
13,0.44999999999999996,-0.1140000000000001,0
13,0.44999999999999996,-0.10200000000000009,0
13,0.44999999999999996,-0.09000000000000008,0
13,0.44999999999999996,-0.07800000000000007,0
13,0.44999999999999996,-0.06600000000000006,0
13,0.44999999999999996,-0.05400000000000005,0
13,0.44999999999999996,-0.04200000000000004,0
13,0.44999999999999996,-0.030000000000000027,0
13,0.44999999999999996,-0.018000000000000016,0
13,0.44999999999999996,-0.006000000000000005,0
13,0.44999999999999996,0.006000000000000005,0
13,0.44999999999999996,0.018000000000000016,0
13,0.44999999999999996,0.030000000000000027,0
13,0.44999999999999996,0.04200000000000004,0
13,0.44999999999999996,0.05400000000000005,1
13,0.44999999999999996,0.06600000000000006,1
13,0.44999999999999996,0.07800000000000007,0
13,0.44999999999999996,0.09000000000000008,2
13,0.44999999999999996,0.10200000000000009,0
13,0.44999999999999996,0.11399999999999999,0
13,0.44999999999999996,0.1259999999999999,3
13,0.44999999999999996,0.1379999999999999,2
13,0.44999999999999996,0.1499999999999999,4
13,0.44999999999999996,0.16199999999999992,3
13,0.44999999999999996,0.17399999999999993,3
13,0.44999999999999996,0.18599999999999994,6
13,0.44999999999999996,0.19799999999999995,8
13,0.44999999999999996,0.20999999999999996,11
13,0.44999999999999996,0.22199999999999998,11
13,0.44999999999999996,0.23399999999999999,20
13,0.44999999999999996,0.246,24
13,0.44999999999999996,0.258,23
13,0.44999999999999996,0.27,34
13,0.44999999999999996,0.28200000000000003,43
13,0.44999999999999996,0.29400000000000004,47
13,0.44999999999999996,0.30600000000000005,74
13,0.44999999999999996,0.31800000000000006,93
13,0.44999999999999996,0.33000000000000007,82
13,0.44999999999999996,0.3420000000000001,123
13,0.44999999999999996,0.3540000000000001,160
13,0.44999999999999996,0.3660000000000001,223
13,0.44999999999999996,0.3780000000000001,239
13,0.44999999999999996,0.3900000000000001,272
13,0.44999999999999996,0.40200000000000014,373
13,0.44999999999999996,0.41400000000000015,442
13,0.44999999999999996,0.42600000000000016,485
13,0.44999999999999996,0.43800000000000017,599
13,0.44999999999999996,0.4500000000000002,700
13,0.44999999999999996,0.4620000000000002,755
13,0.44999999999999996,0.4740000000000002,937
13,0.44999999999999996,0.4860000000000002,996
13,0.44999999999999996,0.4980000000000002,1149
13,0.44999999999999996,0.51,1405
13,0.44999999999999996,0.5219999999999998,1578
13,0.44999999999999996,0.5339999999999998,1728
13,0.44999999999999996,0.5459999999999998,2003
13,0.44999999999999996,0.5579999999999998,2178
13,0.44999999999999996,0.5699999999999998,2408
13,0.44999999999999996,0.5819999999999999,2623
13,0.44999999999999996,0.5939999999999999,2758
13,0.44999999999999996,0.6059999999999999,3012
13,0.44999999999999996,0.6179999999999999,3108
13,0.44999999999999996,0.6299999999999999,3451
13,0.44999999999999996,0.6419999999999999,3523
13,0.44999999999999996,0.6539999999999999,3744
13,0.44999999999999996,0.6659999999999999,3732
13,0.44999999999999996,0.6779999999999999,3776
13,0.44999999999999996,0.69,3784
13,0.44999999999999996,0.702,3827
13,0.44999999999999996,0.714,3754
13,0.44999999999999996,0.726,3694
13,0.44999999999999996,0.738,3585
13,0.44999999999999996,0.75,3381
13,0.44999999999999996,0.762,3125
13,0.44999999999999996,0.774,2952
13,0.44999999999999996,0.786,2719
13,0.44999999999999996,0.798,2443
13,0.44999999999999996,0.81,2253
13,0.44999999999999996,0.8220000000000001,1891
13,0.44999999999999996,0.8340000000000001,1709
13,0.44999999999999996,0.8460000000000001,1526
13,0.44999999999999996,0.8580000000000001,1236
13,0.44999999999999996,0.8700000000000001,1121
13,0.44999999999999996,0.8820000000000001,864
13,0.44999999999999996,0.8940000000000001,736
13,0.44999999999999996,0.9060000000000001,598
13,0.44999999999999996,0.9180000000000001,432
13,0.44999999999999996,0.9300000000000002,347
13,0.44999999999999996,0.9420000000000002,302
13,0.44999999999999996,0.9540000000000002,208
13,0.44999999999999996,0.9660000000000002,172
13,0.44999999999999996,0.9780000000000002,117
13,0.44999999999999996,0.9900000000000002,79
13,0.44999999999999996,1.0020000000000002,59
13,0.44999999999999996,1.014,44
13,0.44999999999999996,1.0259999999999998,33
13,0.44999999999999996,1.0379999999999998,15
13,0.44999999999999996,1.0499999999999998,4
13,0.44999999999999996,1.0619999999999998,3
13,0.44999999999999996,1.0739999999999998,5
13,0.44999999999999996,1.0859999999999999,5
13,0.44999999999999996,1.0979999999999999,1
13,0.44999999999999996,1.1099999999999999,0
13,0.44999999999999996,1.1219999999999999,1
13,0.44999999999999996,1.134,0
13,0.44999999999999996,1.146,0
13,0.44999999999999996,1.158,0
13,0.44999999999999996,1.17,0
13,0.44999999999999996,1.182,0
13,0.44999999999999996,1.194,0
13,0.44999999999999996,1.206,0
13,0.44999999999999996,1.218,0
13,0.44999999999999996,1.23,0
13,0.44999999999999996,1.242,0
13,0.44999999999999996,1.254,0
13,0.44999999999999996,1.266,0
13,0.44999999999999996,1.278,0
13,0.44999999999999996,1.29,0
13,0.44999999999999996,1.302,0
13,0.44999999999999996,1.314,0
13,0.44999999999999996,1.326,0
13,0.44999999999999996,1.338,0
13,0.44999999999999996,1.35,0
13,0.44999999999999996,1.362,0
13,0.44999999999999996,1.374,0
13,0.44999999999999996,1.3860000000000001,0
13,0.44999999999999996,1.3980000000000001,0
13,0.44999999999999996,1.4100000000000001,0
13,0.44999999999999996,1.4220000000000002,0
13,0.44999999999999996,1.4340000000000002,0
13,0.44999999999999996,1.4460000000000002,0
13,0.44999999999999996,1.4580000000000002,0
13,0.44999999999999996,1.4700000000000002,0
13,0.44999999999999996,1.4820000000000002,0
13,0.44999999999999996,1.4940000000000002,0
13,0.44999999999999996,1.5060000000000002,0
13,0.44999999999999996,1.5180000000000002,0
13,0.44999999999999996,1.53,0
13,0.44999999999999996,1.5419999999999998,0
13,0.44999999999999996,1.5539999999999998,0
13,0.44999999999999996,1.5659999999999998,0
13,0.44999999999999996,1.5779999999999998,0
13,0.44999999999999996,1.5899999999999999,0
13,0.44999999999999996,1.6019999999999999,0
13,0.44999999999999996,1.6139999999999999,0
13,0.44999999999999996,1.626,0
13,0.44999999999999996,1.638,0
13,0.44999999999999996,1.65,0
13,0.44999999999999996,1.662,0
13,0.44999999999999996,1.674,0
13,0.44999999999999996,1.686,0
13,0.44999999999999996,1.698,0
13,0.44999999999999996,1.71,0
13,0.44999999999999996,1.722,0
13,0.44999999999999996,1.734,0
13,0.44999999999999996,1.746,0
13,0.44999999999999996,1.758,0
13,0.44999999999999996,1.77,0
13,0.44999999999999996,1.782,0
13,0.44999999999999996,1.794,0
14,0.6000000000000001,-1.794,0
14,0.6000000000000001,-1.782,0
14,0.6000000000000001,-1.77,0
14,0.6000000000000001,-1.758,0
14,0.6000000000000001,-1.746,0
14,0.6000000000000001,-1.734,0
14,0.6000000000000001,-1.722,0
14,0.6000000000000001,-1.71,0
14,0.6000000000000001,-1.698,0
14,0.6000000000000001,-1.686,0
14,0.6000000000000001,-1.6740000000000002,0
14,0.6000000000000001,-1.6620000000000001,0
14,0.6000000000000001,-1.6500000000000001,0
14,0.6000000000000001,-1.6380000000000001,0
14,0.6000000000000001,-1.6260000000000001,0
14,0.6000000000000001,-1.614,0
14,0.6000000000000001,-1.602,0
14,0.6000000000000001,-1.59,0
14,0.6000000000000001,-1.578,0
14,0.6000000000000001,-1.566,0
14,0.6000000000000001,-1.554,0
14,0.6000000000000001,-1.542,0
14,0.6000000000000001,-1.53,0
14,0.6000000000000001,-1.518,0
14,0.6000000000000001,-1.506,0
14,0.6000000000000001,-1.494,0
14,0.6000000000000001,-1.482,0
14,0.6000000000000001,-1.47,0
14,0.6000000000000001,-1.458,0
14,0.6000000000000001,-1.446,0
14,0.6000000000000001,-1.434,0
14,0.6000000000000001,-1.422,0
14,0.6000000000000001,-1.41,0
14,0.6000000000000001,-1.398,0
14,0.6000000000000001,-1.3860000000000001,0
14,0.6000000000000001,-1.374,0
14,0.6000000000000001,-1.362,0
14,0.6000000000000001,-1.35,0
14,0.6000000000000001,-1.338,0
14,0.6000000000000001,-1.326,0
14,0.6000000000000001,-1.314,0
14,0.6000000000000001,-1.302,0
14,0.6000000000000001,-1.29,0
14,0.6000000000000001,-1.278,0
14,0.6000000000000001,-1.266,0
14,0.6000000000000001,-1.254,0
14,0.6000000000000001,-1.242,0
14,0.6000000000000001,-1.23,0
14,0.6000000000000001,-1.218,0
14,0.6000000000000001,-1.2060000000000002,0
14,0.6000000000000001,-1.1940000000000002,0
14,0.6000000000000001,-1.1820000000000002,0
14,0.6000000000000001,-1.1700000000000002,0
14,0.6000000000000001,-1.1580000000000001,0
14,0.6000000000000001,-1.1460000000000001,0
14,0.6000000000000001,-1.1340000000000001,0
14,0.6000000000000001,-1.122,0
14,0.6000000000000001,-1.11,0
14,0.6000000000000001,-1.098,0
14,0.6000000000000001,-1.086,0
14,0.6000000000000001,-1.074,0
14,0.6000000000000001,-1.062,0
14,0.6000000000000001,-1.05,0
14,0.6000000000000001,-1.038,0
14,0.6000000000000001,-1.026,0
14,0.6000000000000001,-1.014,0
14,0.6000000000000001,-1.002,0
14,0.6000000000000001,-0.99,0
14,0.6000000000000001,-0.978,0
14,0.6000000000000001,-0.966,0
14,0.6000000000000001,-0.9540000000000001,0
14,0.6000000000000001,-0.9420000000000001,0
14,0.6000000000000001,-0.93,0
14,0.6000000000000001,-0.918,0
14,0.6000000000000001,-0.906,0
14,0.6000000000000001,-0.894,0
14,0.6000000000000001,-0.882,0
14,0.6000000000000001,-0.87,0
14,0.6000000000000001,-0.858,0
14,0.6000000000000001,-0.8460000000000001,0
14,0.6000000000000001,-0.8340000000000001,0
14,0.6000000000000001,-0.8220000000000001,0
14,0.6000000000000001,-0.81,0
14,0.6000000000000001,-0.798,0
14,0.6000000000000001,-0.786,0
14,0.6000000000000001,-0.774,0
14,0.6000000000000001,-0.762,0
14,0.6000000000000001,-0.75,0
14,0.6000000000000001,-0.738,0
14,0.6000000000000001,-0.726,0
14,0.6000000000000001,-0.714,0
14,0.6000000000000001,-0.702,0
14,0.6000000000000001,-0.69,0
14,0.6000000000000001,-0.6779999999999999,0
14,0.6000000000000001,-0.6659999999999999,0
14,0.6000000000000001,-0.6539999999999999,0
14,0.6000000000000001,-0.642,0
14,0.6000000000000001,-0.6300000000000001,0
14,0.6000000000000001,-0.6180000000000001,0
14,0.6000000000000001,-0.6060000000000001,0
14,0.6000000000000001,-0.5940000000000001,0
14,0.6000000000000001,-0.5820000000000001,0
14,0.6000000000000001,-0.5700000000000001,0
14,0.6000000000000001,-0.558,0
14,0.6000000000000001,-0.546,0
14,0.6000000000000001,-0.534,0
14,0.6000000000000001,-0.522,0
14,0.6000000000000001,-0.51,0
14,0.6000000000000001,-0.498,0
14,0.6000000000000001,-0.486,0
14,0.6000000000000001,-0.474,0
14,0.6000000000000001,-0.46199999999999997,0
14,0.6000000000000001,-0.44999999999999996,0
14,0.6000000000000001,-0.43799999999999994,0
14,0.6000000000000001,-0.42599999999999993,0
14,0.6000000000000001,-0.4139999999999999,0
14,0.6000000000000001,-0.4019999999999999,0
14,0.6000000000000001,-0.39,0
14,0.6000000000000001,-0.3780000000000001,0
14,0.6000000000000001,-0.3660000000000001,0
14,0.6000000000000001,-0.3540000000000001,0
14,0.6000000000000001,-0.3420000000000001,0
14,0.6000000000000001,-0.33000000000000007,0
14,0.6000000000000001,-0.31800000000000006,0
14,0.6000000000000001,-0.30600000000000005,0
14,0.6000000000000001,-0.29400000000000004,0
14,0.6000000000000001,-0.28200000000000003,0
14,0.6000000000000001,-0.27,0
14,0.6000000000000001,-0.258,0
14,0.6000000000000001,-0.246,0
14,0.6000000000000001,-0.23399999999999999,0
14,0.6000000000000001,-0.22199999999999998,0
14,0.6000000000000001,-0.20999999999999996,0
14,0.6000000000000001,-0.19799999999999995,0
14,0.6000000000000001,-0.18599999999999994,0
14,0.6000000000000001,-0.17399999999999993,0
14,0.6000000000000001,-0.16199999999999992,0
14,0.6000000000000001,-0.1499999999999999,0
14,0.6000000000000001,-0.138,0
14,0.6000000000000001,-0.1260000000000001,0
14,0.6000000000000001,-0.1140000000000001,0
14,0.6000000000000001,-0.10200000000000009,0
14,0.6000000000000001,-0.09000000000000008,0
14,0.6000000000000001,-0.07800000000000007,0
14,0.6000000000000001,-0.06600000000000006,0
14,0.6000000000000001,-0.05400000000000005,0
14,0.6000000000000001,-0.04200000000000004,0
14,0.6000000000000001,-0.030000000000000027,0
14,0.6000000000000001,-0.018000000000000016,0
14,0.6000000000000001,-0.006000000000000005,0
14,0.6000000000000001,0.006000000000000005,0
14,0.6000000000000001,0.018000000000000016,0
14,0.6000000000000001,0.030000000000000027,0
14,0.6000000000000001,0.04200000000000004,0
14,0.6000000000000001,0.05400000000000005,0
14,0.6000000000000001,0.06600000000000006,0
14,0.6000000000000001,0.07800000000000007,0
14,0.6000000000000001,0.09000000000000008,0
14,0.6000000000000001,0.10200000000000009,0
14,0.6000000000000001,0.11399999999999999,0
14,0.6000000000000001,0.1259999999999999,0
14,0.6000000000000001,0.1379999999999999,0
14,0.6000000000000001,0.1499999999999999,0
14,0.6000000000000001,0.16199999999999992,0
14,0.6000000000000001,0.17399999999999993,0
14,0.6000000000000001,0.18599999999999994,0
14,0.6000000000000001,0.19799999999999995,0
14,0.6000000000000001,0.20999999999999996,0
14,0.6000000000000001,0.22199999999999998,0
14,0.6000000000000001,0.23399999999999999,1
14,0.6000000000000001,0.246,0
14,0.6000000000000001,0.258,1
14,0.6000000000000001,0.27,1
14,0.6000000000000001,0.28200000000000003,3
14,0.6000000000000001,0.29400000000000004,0
14,0.6000000000000001,0.30600000000000005,2
14,0.6000000000000001,0.31800000000000006,3
14,0.6000000000000001,0.33000000000000007,0
14,0.6000000000000001,0.3420000000000001,1
14,0.6000000000000001,0.3540000000000001,5
14,0.6000000000000001,0.3660000000000001,3
14,0.6000000000000001,0.3780000000000001,10
14,0.6000000000000001,0.3900000000000001,11
14,0.6000000000000001,0.40200000000000014,18
14,0.6000000000000001,0.41400000000000015,12
14,0.6000000000000001,0.42600000000000016,32
14,0.6000000000000001,0.43800000000000017,35
14,0.6000000000000001,0.4500000000000002,62
14,0.6000000000000001,0.4620000000000002,63
14,0.6000000000000001,0.4740000000000002,73
14,0.6000000000000001,0.4860000000000002,110
14,0.6000000000000001,0.4980000000000002,125
14,0.6000000000000001,0.51,158
14,0.6000000000000001,0.5219999999999998,248
14,0.6000000000000001,0.5339999999999998,282
14,0.6000000000000001,0.5459999999999998,331
14,0.6000000000000001,0.5579999999999998,428
14,0.6000000000000001,0.5699999999999998,531
14,0.6000000000000001,0.5819999999999999,654
14,0.6000000000000001,0.5939999999999999,802
14,0.6000000000000001,0.6059999999999999,936
14,0.6000000000000001,0.6179999999999999,1052
14,0.6000000000000001,0.6299999999999999,1344
14,0.6000000000000001,0.6419999999999999,1516
14,0.6000000000000001,0.6539999999999999,1791
14,0.6000000000000001,0.6659999999999999,1964
14,0.6000000000000001,0.6779999999999999,2282
14,0.6000000000000001,0.69,2563
14,0.6000000000000001,0.702,2812
14,0.6000000000000001,0.714,3114
14,0.6000000000000001,0.726,3243
14,0.6000000000000001,0.738,3533
14,0.6000000000000001,0.75,3825
14,0.6000000000000001,0.762,3897
14,0.6000000000000001,0.774,4052
14,0.6000000000000001,0.786,4179
14,0.6000000000000001,0.798,4335
14,0.6000000000000001,0.81,4202
14,0.6000000000000001,0.8220000000000001,4209
14,0.6000000000000001,0.8340000000000001,3936
14,0.6000000000000001,0.8460000000000001,3921
14,0.6000000000000001,0.8580000000000001,3730
14,0.6000000000000001,0.8700000000000001,3540
14,0.6000000000000001,0.8820000000000001,3258
14,0.6000000000000001,0.8940000000000001,2951
14,0.6000000000000001,0.9060000000000001,2628
14,0.6000000000000001,0.9180000000000001,2282
14,0.6000000000000001,0.9300000000000002,2039
14,0.6000000000000001,0.9420000000000002,1747
14,0.6000000000000001,0.9540000000000002,1528
14,0.6000000000000001,0.9660000000000002,1285
14,0.6000000000000001,0.9780000000000002,1000
14,0.6000000000000001,0.9900000000000002,803
14,0.6000000000000001,1.0020000000000002,619
14,0.6000000000000001,1.014,478
14,0.6000000000000001,1.0259999999999998,422
14,0.6000000000000001,1.0379999999999998,286
14,0.6000000000000001,1.0499999999999998,220
14,0.6000000000000001,1.0619999999999998,158
14,0.6000000000000001,1.0739999999999998,99
14,0.6000000000000001,1.0859999999999999,69
14,0.6000000000000001,1.0979999999999999,53
14,0.6000000000000001,1.1099999999999999,31
14,0.6000000000000001,1.1219999999999999,20
14,0.6000000000000001,1.134,20
14,0.6000000000000001,1.146,14
14,0.6000000000000001,1.158,5
14,0.6000000000000001,1.17,0
14,0.6000000000000001,1.182,2
14,0.6000000000000001,1.194,1
14,0.6000000000000001,1.206,0
14,0.6000000000000001,1.218,0
14,0.6000000000000001,1.23,1
14,0.6000000000000001,1.242,0
14,0.6000000000000001,1.254,0
14,0.6000000000000001,1.266,0
14,0.6000000000000001,1.278,0
14,0.6000000000000001,1.29,0
14,0.6000000000000001,1.302,0
14,0.6000000000000001,1.314,0
14,0.6000000000000001,1.326,0
14,0.6000000000000001,1.338,0
14,0.6000000000000001,1.35,0
14,0.6000000000000001,1.362,0
14,0.6000000000000001,1.374,0
14,0.6000000000000001,1.3860000000000001,0
14,0.6000000000000001,1.3980000000000001,0
14,0.6000000000000001,1.4100000000000001,0
14,0.6000000000000001,1.4220000000000002,0
14,0.6000000000000001,1.4340000000000002,0
14,0.6000000000000001,1.4460000000000002,0
14,0.6000000000000001,1.4580000000000002,0
14,0.6000000000000001,1.4700000000000002,0
14,0.6000000000000001,1.4820000000000002,0
14,0.6000000000000001,1.4940000000000002,0
14,0.6000000000000001,1.5060000000000002,0
14,0.6000000000000001,1.5180000000000002,0
14,0.6000000000000001,1.53,0
14,0.6000000000000001,1.5419999999999998,0
14,0.6000000000000001,1.5539999999999998,0
14,0.6000000000000001,1.5659999999999998,0
14,0.6000000000000001,1.5779999999999998,0
14,0.6000000000000001,1.5899999999999999,0
14,0.6000000000000001,1.6019999999999999,0
14,0.6000000000000001,1.6139999999999999,0
14,0.6000000000000001,1.626,0
14,0.6000000000000001,1.638,0
14,0.6000000000000001,1.65,0
14,0.6000000000000001,1.662,0
14,0.6000000000000001,1.674,0
14,0.6000000000000001,1.686,0
14,0.6000000000000001,1.698,0
14,0.6000000000000001,1.71,0
14,0.6000000000000001,1.722,0
14,0.6000000000000001,1.734,0
14,0.6000000000000001,1.746,0
14,0.6000000000000001,1.758,0
14,0.6000000000000001,1.77,0
14,0.6000000000000001,1.782,0
14,0.6000000000000001,1.794,0
15,0.75,-1.794,0
15,0.75,-1.782,0
15,0.75,-1.77,0
15,0.75,-1.758,0
15,0.75,-1.746,0
15,0.75,-1.734,0
15,0.75,-1.722,0
15,0.75,-1.71,0
15,0.75,-1.698,0
15,0.75,-1.686,0
15,0.75,-1.6740000000000002,0
15,0.75,-1.6620000000000001,0
15,0.75,-1.6500000000000001,0
15,0.75,-1.6380000000000001,0
15,0.75,-1.6260000000000001,0
15,0.75,-1.614,0
15,0.75,-1.602,0
15,0.75,-1.59,0
15,0.75,-1.578,0
15,0.75,-1.566,0
15,0.75,-1.554,0
15,0.75,-1.542,0
15,0.75,-1.53,0
15,0.75,-1.518,0
15,0.75,-1.506,0
15,0.75,-1.494,0
15,0.75,-1.482,0
15,0.75,-1.47,0
15,0.75,-1.458,0
15,0.75,-1.446,0
15,0.75,-1.434,0
15,0.75,-1.422,0
15,0.75,-1.41,0
15,0.75,-1.398,0
15,0.75,-1.3860000000000001,0
15,0.75,-1.374,0
15,0.75,-1.362,0
15,0.75,-1.35,0
15,0.75,-1.338,0
15,0.75,-1.326,0
15,0.75,-1.314,0
15,0.75,-1.302,0
15,0.75,-1.29,0
15,0.75,-1.278,0
15,0.75,-1.266,0
15,0.75,-1.254,0
15,0.75,-1.242,0
15,0.75,-1.23,0
15,0.75,-1.218,0
15,0.75,-1.2060000000000002,0
15,0.75,-1.1940000000000002,0
15,0.75,-1.1820000000000002,0
15,0.75,-1.1700000000000002,0
15,0.75,-1.1580000000000001,0
15,0.75,-1.1460000000000001,0
15,0.75,-1.1340000000000001,0
15,0.75,-1.122,0
15,0.75,-1.11,0
15,0.75,-1.098,0
15,0.75,-1.086,0
15,0.75,-1.074,0
15,0.75,-1.062,0
15,0.75,-1.05,0
15,0.75,-1.038,0
15,0.75,-1.026,0
15,0.75,-1.014,0
15,0.75,-1.002,0
15,0.75,-0.99,0
15,0.75,-0.978,0
15,0.75,-0.966,0
15,0.75,-0.9540000000000001,0
15,0.75,-0.9420000000000001,0
15,0.75,-0.93,0
15,0.75,-0.918,0
15,0.75,-0.906,0
15,0.75,-0.894,0
15,0.75,-0.882,0
15,0.75,-0.87,0
15,0.75,-0.858,0
15,0.75,-0.8460000000000001,0
15,0.75,-0.8340000000000001,0
15,0.75,-0.8220000000000001,0
15,0.75,-0.81,0
15,0.75,-0.798,0
15,0.75,-0.786,0
15,0.75,-0.774,0
15,0.75,-0.762,0
15,0.75,-0.75,0
15,0.75,-0.738,0
15,0.75,-0.726,0
15,0.75,-0.714,0
15,0.75,-0.702,0
15,0.75,-0.69,0
15,0.75,-0.6779999999999999,0
15,0.75,-0.6659999999999999,0
15,0.75,-0.6539999999999999,0
15,0.75,-0.642,0
15,0.75,-0.6300000000000001,0
15,0.75,-0.6180000000000001,0
15,0.75,-0.6060000000000001,0
15,0.75,-0.5940000000000001,0
15,0.75,-0.5820000000000001,0
15,0.75,-0.5700000000000001,0
15,0.75,-0.558,0
15,0.75,-0.546,0
15,0.75,-0.534,0
15,0.75,-0.522,0
15,0.75,-0.51,0
15,0.75,-0.498,0
15,0.75,-0.486,0
15,0.75,-0.474,0
15,0.75,-0.46199999999999997,0
15,0.75,-0.44999999999999996,0
15,0.75,-0.43799999999999994,0
15,0.75,-0.42599999999999993,0
15,0.75,-0.4139999999999999,0
15,0.75,-0.4019999999999999,0
15,0.75,-0.39,0
15,0.75,-0.3780000000000001,0
15,0.75,-0.3660000000000001,0
15,0.75,-0.3540000000000001,0
15,0.75,-0.3420000000000001,0
15,0.75,-0.33000000000000007,0
15,0.75,-0.31800000000000006,0
15,0.75,-0.30600000000000005,0
15,0.75,-0.29400000000000004,0
15,0.75,-0.28200000000000003,0
15,0.75,-0.27,0
15,0.75,-0.258,0
15,0.75,-0.246,0
15,0.75,-0.23399999999999999,0
15,0.75,-0.22199999999999998,0
15,0.75,-0.20999999999999996,0
15,0.75,-0.19799999999999995,0
15,0.75,-0.18599999999999994,0
15,0.75,-0.17399999999999993,0
15,0.75,-0.16199999999999992,0
15,0.75,-0.1499999999999999,0
15,0.75,-0.138,0
15,0.75,-0.1260000000000001,0
15,0.75,-0.1140000000000001,0
15,0.75,-0.10200000000000009,0
15,0.75,-0.09000000000000008,0
15,0.75,-0.07800000000000007,0
15,0.75,-0.06600000000000006,0
15,0.75,-0.05400000000000005,0
15,0.75,-0.04200000000000004,0
15,0.75,-0.030000000000000027,0
15,0.75,-0.018000000000000016,0
15,0.75,-0.006000000000000005,0
15,0.75,0.006000000000000005,0
15,0.75,0.018000000000000016,0
15,0.75,0.030000000000000027,0
15,0.75,0.04200000000000004,0
15,0.75,0.05400000000000005,0
15,0.75,0.06600000000000006,0
15,0.75,0.07800000000000007,0
15,0.75,0.09000000000000008,0
15,0.75,0.10200000000000009,0
15,0.75,0.11399999999999999,0
15,0.75,0.1259999999999999,0
15,0.75,0.1379999999999999,0
15,0.75,0.1499999999999999,0
15,0.75,0.16199999999999992,0
15,0.75,0.17399999999999993,0
15,0.75,0.18599999999999994,0
15,0.75,0.19799999999999995,0
15,0.75,0.20999999999999996,0
15,0.75,0.22199999999999998,0
15,0.75,0.23399999999999999,0
15,0.75,0.246,0
15,0.75,0.258,0
15,0.75,0.27,0
15,0.75,0.28200000000000003,0
15,0.75,0.29400000000000004,0
15,0.75,0.30600000000000005,0
15,0.75,0.31800000000000006,0
15,0.75,0.33000000000000007,0
15,0.75,0.3420000000000001,0
15,0.75,0.3540000000000001,0
15,0.75,0.3660000000000001,0
15,0.75,0.3780000000000001,0
15,0.75,0.3900000000000001,0
15,0.75,0.40200000000000014,0
15,0.75,0.41400000000000015,0
15,0.75,0.42600000000000016,0
15,0.75,0.43800000000000017,2
15,0.75,0.4500000000000002,2
15,0.75,0.4620000000000002,4
15,0.75,0.4740000000000002,3
15,0.75,0.4860000000000002,4
15,0.75,0.4980000000000002,11
15,0.75,0.51,9
15,0.75,0.5219999999999998,11
15,0.75,0.5339999999999998,17
15,0.75,0.5459999999999998,22
15,0.75,0.5579999999999998,36
15,0.75,0.5699999999999998,44
15,0.75,0.5819999999999999,59
15,0.75,0.5939999999999999,89
15,0.75,0.6059999999999999,116
15,0.75,0.6179999999999999,149
15,0.75,0.6299999999999999,194
15,0.75,0.6419999999999999,243
15,0.75,0.6539999999999999,292
15,0.75,0.6659999999999999,389
15,0.75,0.6779999999999999,519
15,0.75,0.69,639
15,0.75,0.702,758
15,0.75,0.714,920
15,0.75,0.726,1107
15,0.75,0.738,1399
15,0.75,0.75,1594
15,0.75,0.762,1843
15,0.75,0.774,2165
15,0.75,0.786,2485
15,0.75,0.798,2814
15,0.75,0.81,3117
15,0.75,0.8220000000000001,3314
15,0.75,0.8340000000000001,3705
15,0.75,0.8460000000000001,3994
15,0.75,0.8580000000000001,4274
15,0.75,0.8700000000000001,4284
15,0.75,0.8820000000000001,4493
15,0.75,0.8940000000000001,4644
15,0.75,0.9060000000000001,4656
15,0.75,0.9180000000000001,4419
15,0.75,0.9300000000000002,4488
15,0.75,0.9420000000000002,4206
15,0.75,0.9540000000000002,4013
15,0.75,0.9660000000000002,3675
15,0.75,0.9780000000000002,3417
15,0.75,0.9900000000000002,2928
15,0.75,1.0020000000000002,2722
15,0.75,1.014,2418
15,0.75,1.0259999999999998,1941
15,0.75,1.0379999999999998,1604
15,0.75,1.0499999999999998,1309
15,0.75,1.0619999999999998,1108
15,0.75,1.0739999999999998,872
15,0.75,1.0859999999999999,693
15,0.75,1.0979999999999999,527
15,0.75,1.1099999999999999,361
15,0.75,1.1219999999999999,291
15,0.75,1.134,195
15,0.75,1.146,136
15,0.75,1.158,112
15,0.75,1.17,57
15,0.75,1.182,36
15,0.75,1.194,22
15,0.75,1.206,13
15,0.75,1.218,7
15,0.75,1.23,3
15,0.75,1.242,4
15,0.75,1.254,2
15,0.75,1.266,1
15,0.75,1.278,0
15,0.75,1.29,0
15,0.75,1.302,0
15,0.75,1.314,0
15,0.75,1.326,0
15,0.75,1.338,0
15,0.75,1.35,0
15,0.75,1.362,0
15,0.75,1.374,0
15,0.75,1.3860000000000001,0
15,0.75,1.3980000000000001,0
15,0.75,1.4100000000000001,0
15,0.75,1.4220000000000002,0
15,0.75,1.4340000000000002,0
15,0.75,1.4460000000000002,0
15,0.75,1.4580000000000002,0
15,0.75,1.4700000000000002,0
15,0.75,1.4820000000000002,0
15,0.75,1.4940000000000002,0
15,0.75,1.5060000000000002,0
15,0.75,1.5180000000000002,0
15,0.75,1.53,0
15,0.75,1.5419999999999998,0
15,0.75,1.5539999999999998,0
15,0.75,1.5659999999999998,0
15,0.75,1.5779999999999998,0
15,0.75,1.5899999999999999,0
15,0.75,1.6019999999999999,0
15,0.75,1.6139999999999999,0
15,0.75,1.626,0
15,0.75,1.638,0
15,0.75,1.65,0
15,0.75,1.662,0
15,0.75,1.674,0
15,0.75,1.686,0
15,0.75,1.698,0
15,0.75,1.71,0
15,0.75,1.722,0
15,0.75,1.734,0
15,0.75,1.746,0
15,0.75,1.758,0
15,0.75,1.77,0
15,0.75,1.782,0
15,0.75,1.794,0
16,0.8999999999999999,-1.794,0
16,0.8999999999999999,-1.782,0
16,0.8999999999999999,-1.77,0
16,0.8999999999999999,-1.758,0
16,0.8999999999999999,-1.746,0
16,0.8999999999999999,-1.734,0
16,0.8999999999999999,-1.722,0
16,0.8999999999999999,-1.71,0
16,0.8999999999999999,-1.698,0
16,0.8999999999999999,-1.686,0
16,0.8999999999999999,-1.6740000000000002,0
16,0.8999999999999999,-1.6620000000000001,0
16,0.8999999999999999,-1.6500000000000001,0
16,0.8999999999999999,-1.6380000000000001,0
16,0.8999999999999999,-1.6260000000000001,0
16,0.8999999999999999,-1.614,0
16,0.8999999999999999,-1.602,0
16,0.8999999999999999,-1.59,0
16,0.8999999999999999,-1.578,0
16,0.8999999999999999,-1.566,0
16,0.8999999999999999,-1.554,0
16,0.8999999999999999,-1.542,0
16,0.8999999999999999,-1.53,0
16,0.8999999999999999,-1.518,0
16,0.8999999999999999,-1.506,0
16,0.8999999999999999,-1.494,0
16,0.8999999999999999,-1.482,0
16,0.8999999999999999,-1.47,0
16,0.8999999999999999,-1.458,0
16,0.8999999999999999,-1.446,0
16,0.8999999999999999,-1.434,0
16,0.8999999999999999,-1.422,0
16,0.8999999999999999,-1.41,0
16,0.8999999999999999,-1.398,0
16,0.8999999999999999,-1.3860000000000001,0
16,0.8999999999999999,-1.374,0
16,0.8999999999999999,-1.362,0
16,0.8999999999999999,-1.35,0
16,0.8999999999999999,-1.338,0
16,0.8999999999999999,-1.326,0
16,0.8999999999999999,-1.314,0
16,0.8999999999999999,-1.302,0
16,0.8999999999999999,-1.29,0
16,0.8999999999999999,-1.278,0
16,0.8999999999999999,-1.266,0
16,0.8999999999999999,-1.254,0
16,0.8999999999999999,-1.242,0
16,0.8999999999999999,-1.23,0
16,0.8999999999999999,-1.218,0
16,0.8999999999999999,-1.2060000000000002,0
16,0.8999999999999999,-1.1940000000000002,0
16,0.8999999999999999,-1.1820000000000002,0
16,0.8999999999999999,-1.1700000000000002,0
16,0.8999999999999999,-1.1580000000000001,0
16,0.8999999999999999,-1.1460000000000001,0
16,0.8999999999999999,-1.1340000000000001,0
16,0.8999999999999999,-1.122,0
16,0.8999999999999999,-1.11,0
16,0.8999999999999999,-1.098,0
16,0.8999999999999999,-1.086,0
16,0.8999999999999999,-1.074,0
16,0.8999999999999999,-1.062,0
16,0.8999999999999999,-1.05,0
16,0.8999999999999999,-1.038,0
16,0.8999999999999999,-1.026,0
16,0.8999999999999999,-1.014,0
16,0.8999999999999999,-1.002,0
16,0.8999999999999999,-0.99,0
16,0.8999999999999999,-0.978,0
16,0.8999999999999999,-0.966,0
16,0.8999999999999999,-0.9540000000000001,0
16,0.8999999999999999,-0.9420000000000001,0
16,0.8999999999999999,-0.93,0
16,0.8999999999999999,-0.918,0
16,0.8999999999999999,-0.906,0
16,0.8999999999999999,-0.894,0
16,0.8999999999999999,-0.882,0
16,0.8999999999999999,-0.87,0
16,0.8999999999999999,-0.858,0
16,0.8999999999999999,-0.8460000000000001,0
16,0.8999999999999999,-0.8340000000000001,0
16,0.8999999999999999,-0.8220000000000001,0
16,0.8999999999999999,-0.81,0
16,0.8999999999999999,-0.798,0
16,0.8999999999999999,-0.786,0
16,0.8999999999999999,-0.774,0
16,0.8999999999999999,-0.762,0
16,0.8999999999999999,-0.75,0
16,0.8999999999999999,-0.738,0
16,0.8999999999999999,-0.726,0
16,0.8999999999999999,-0.714,0
16,0.8999999999999999,-0.702,0
16,0.8999999999999999,-0.69,0
16,0.8999999999999999,-0.6779999999999999,0
16,0.8999999999999999,-0.6659999999999999,0
16,0.8999999999999999,-0.6539999999999999,0
16,0.8999999999999999,-0.642,0
16,0.8999999999999999,-0.6300000000000001,0
16,0.8999999999999999,-0.6180000000000001,0
16,0.8999999999999999,-0.6060000000000001,0
16,0.8999999999999999,-0.5940000000000001,0
16,0.8999999999999999,-0.5820000000000001,0
16,0.8999999999999999,-0.5700000000000001,0
16,0.8999999999999999,-0.558,0
16,0.8999999999999999,-0.546,0
16,0.8999999999999999,-0.534,0
16,0.8999999999999999,-0.522,0
16,0.8999999999999999,-0.51,0
16,0.8999999999999999,-0.498,0
16,0.8999999999999999,-0.486,0
16,0.8999999999999999,-0.474,0
16,0.8999999999999999,-0.46199999999999997,0
16,0.8999999999999999,-0.44999999999999996,0
16,0.8999999999999999,-0.43799999999999994,0
16,0.8999999999999999,-0.42599999999999993,0
16,0.8999999999999999,-0.4139999999999999,0
16,0.8999999999999999,-0.4019999999999999,0
16,0.8999999999999999,-0.39,0
16,0.8999999999999999,-0.3780000000000001,0
16,0.8999999999999999,-0.3660000000000001,0
16,0.8999999999999999,-0.3540000000000001,0
16,0.8999999999999999,-0.3420000000000001,0
16,0.8999999999999999,-0.33000000000000007,0
16,0.8999999999999999,-0.31800000000000006,0
16,0.8999999999999999,-0.30600000000000005,0
16,0.8999999999999999,-0.29400000000000004,0
16,0.8999999999999999,-0.28200000000000003,0
16,0.8999999999999999,-0.27,0
16,0.8999999999999999,-0.258,0
16,0.8999999999999999,-0.246,0
16,0.8999999999999999,-0.23399999999999999,0
16,0.8999999999999999,-0.22199999999999998,0
16,0.8999999999999999,-0.20999999999999996,0
16,0.8999999999999999,-0.19799999999999995,0
16,0.8999999999999999,-0.18599999999999994,0
16,0.8999999999999999,-0.17399999999999993,0
16,0.8999999999999999,-0.16199999999999992,0
16,0.8999999999999999,-0.1499999999999999,0
16,0.8999999999999999,-0.138,0
16,0.8999999999999999,-0.1260000000000001,0
16,0.8999999999999999,-0.1140000000000001,0
16,0.8999999999999999,-0.10200000000000009,0
16,0.8999999999999999,-0.09000000000000008,0
16,0.8999999999999999,-0.07800000000000007,0
16,0.8999999999999999,-0.06600000000000006,0
16,0.8999999999999999,-0.05400000000000005,0
16,0.8999999999999999,-0.04200000000000004,0
16,0.8999999999999999,-0.030000000000000027,0
16,0.8999999999999999,-0.018000000000000016,0
16,0.8999999999999999,-0.006000000000000005,0
16,0.8999999999999999,0.006000000000000005,0
16,0.8999999999999999,0.018000000000000016,0
16,0.8999999999999999,0.030000000000000027,0
16,0.8999999999999999,0.04200000000000004,0
16,0.8999999999999999,0.05400000000000005,0
16,0.8999999999999999,0.06600000000000006,0
16,0.8999999999999999,0.07800000000000007,0
16,0.8999999999999999,0.09000000000000008,0
16,0.8999999999999999,0.10200000000000009,0
16,0.8999999999999999,0.11399999999999999,0
16,0.8999999999999999,0.1259999999999999,0
16,0.8999999999999999,0.1379999999999999,0
16,0.8999999999999999,0.1499999999999999,0
16,0.8999999999999999,0.16199999999999992,0
16,0.8999999999999999,0.17399999999999993,0
16,0.8999999999999999,0.18599999999999994,0
16,0.8999999999999999,0.19799999999999995,0
16,0.8999999999999999,0.20999999999999996,0
16,0.8999999999999999,0.22199999999999998,0
16,0.8999999999999999,0.23399999999999999,0
16,0.8999999999999999,0.246,0
16,0.8999999999999999,0.258,0
16,0.8999999999999999,0.27,0
16,0.8999999999999999,0.28200000000000003,0
16,0.8999999999999999,0.29400000000000004,0
16,0.8999999999999999,0.30600000000000005,0
16,0.8999999999999999,0.31800000000000006,0
16,0.8999999999999999,0.33000000000000007,0
16,0.8999999999999999,0.3420000000000001,0
16,0.8999999999999999,0.3540000000000001,0
16,0.8999999999999999,0.3660000000000001,0
16,0.8999999999999999,0.3780000000000001,0
16,0.8999999999999999,0.3900000000000001,0
16,0.8999999999999999,0.40200000000000014,0
16,0.8999999999999999,0.41400000000000015,0
16,0.8999999999999999,0.42600000000000016,0
16,0.8999999999999999,0.43800000000000017,0
16,0.8999999999999999,0.4500000000000002,0
16,0.8999999999999999,0.4620000000000002,0
16,0.8999999999999999,0.4740000000000002,0
16,0.8999999999999999,0.4860000000000002,0
16,0.8999999999999999,0.4980000000000002,0
16,0.8999999999999999,0.51,0
16,0.8999999999999999,0.5219999999999998,0
16,0.8999999999999999,0.5339999999999998,0
16,0.8999999999999999,0.5459999999999998,0
16,0.8999999999999999,0.5579999999999998,2
16,0.8999999999999999,0.5699999999999998,2
16,0.8999999999999999,0.5819999999999999,2
16,0.8999999999999999,0.5939999999999999,1
16,0.8999999999999999,0.6059999999999999,6
16,0.8999999999999999,0.6179999999999999,10
16,0.8999999999999999,0.6299999999999999,15
16,0.8999999999999999,0.6419999999999999,17
16,0.8999999999999999,0.6539999999999999,30
16,0.8999999999999999,0.6659999999999999,43
16,0.8999999999999999,0.6779999999999999,53
16,0.8999999999999999,0.69,76
16,0.8999999999999999,0.702,88
16,0.8999999999999999,0.714,123
16,0.8999999999999999,0.726,160
16,0.8999999999999999,0.738,242
16,0.8999999999999999,0.75,287
16,0.8999999999999999,0.762,449
16,0.8999999999999999,0.774,483
16,0.8999999999999999,0.786,655
16,0.8999999999999999,0.798,782
16,0.8999999999999999,0.81,1023
16,0.8999999999999999,0.8220000000000001,1236
16,0.8999999999999999,0.8340000000000001,1474
16,0.8999999999999999,0.8460000000000001,1806
16,0.8999999999999999,0.8580000000000001,2146
16,0.8999999999999999,0.8700000000000001,2352
16,0.8999999999999999,0.8820000000000001,2790
16,0.8999999999999999,0.8940000000000001,3165
16,0.8999999999999999,0.9060000000000001,3528
16,0.8999999999999999,0.9180000000000001,3970
16,0.8999999999999999,0.9300000000000002,4106
16,0.8999999999999999,0.9420000000000002,4473
16,0.8999999999999999,0.9540000000000002,4804
16,0.8999999999999999,0.9660000000000002,4904
16,0.8999999999999999,0.9780000000000002,4922
16,0.8999999999999999,0.9900000000000002,5008
16,0.8999999999999999,1.0020000000000002,4756
16,0.8999999999999999,1.014,4629
16,0.8999999999999999,1.0259999999999998,4510
16,0.8999999999999999,1.0379999999999998,4123
16,0.8999999999999999,1.0499999999999998,3722
16,0.8999999999999999,1.0619999999999998,3387
16,0.8999999999999999,1.0739999999999998,3029
16,0.8999999999999999,1.0859999999999999,2607
16,0.8999999999999999,1.0979999999999999,2208
16,0.8999999999999999,1.1099999999999999,1862
16,0.8999999999999999,1.1219999999999999,1474
16,0.8999999999999999,1.134,1105
16,0.8999999999999999,1.146,938
16,0.8999999999999999,1.158,686
16,0.8999999999999999,1.17,482
16,0.8999999999999999,1.182,403
16,0.8999999999999999,1.194,272
16,0.8999999999999999,1.206,212
16,0.8999999999999999,1.218,115
16,0.8999999999999999,1.23,102
16,0.8999999999999999,1.242,52
16,0.8999999999999999,1.254,29
16,0.8999999999999999,1.266,22
16,0.8999999999999999,1.278,19
16,0.8999999999999999,1.29,11
16,0.8999999999999999,1.302,5
16,0.8999999999999999,1.314,3
16,0.8999999999999999,1.326,2
16,0.8999999999999999,1.338,2
16,0.8999999999999999,1.35,0
16,0.8999999999999999,1.362,0
16,0.8999999999999999,1.374,0
16,0.8999999999999999,1.3860000000000001,0
16,0.8999999999999999,1.3980000000000001,0
16,0.8999999999999999,1.4100000000000001,0
16,0.8999999999999999,1.4220000000000002,0
16,0.8999999999999999,1.4340000000000002,0
16,0.8999999999999999,1.4460000000000002,0
16,0.8999999999999999,1.4580000000000002,0
16,0.8999999999999999,1.4700000000000002,0
16,0.8999999999999999,1.4820000000000002,0
16,0.8999999999999999,1.4940000000000002,0
16,0.8999999999999999,1.5060000000000002,0
16,0.8999999999999999,1.5180000000000002,0
16,0.8999999999999999,1.53,0
16,0.8999999999999999,1.5419999999999998,0
16,0.8999999999999999,1.5539999999999998,0
16,0.8999999999999999,1.5659999999999998,0
16,0.8999999999999999,1.5779999999999998,0
16,0.8999999999999999,1.5899999999999999,0
16,0.8999999999999999,1.6019999999999999,0
16,0.8999999999999999,1.6139999999999999,0
16,0.8999999999999999,1.626,0
16,0.8999999999999999,1.638,0
16,0.8999999999999999,1.65,0
16,0.8999999999999999,1.662,0
16,0.8999999999999999,1.674,0
16,0.8999999999999999,1.686,0
16,0.8999999999999999,1.698,0
16,0.8999999999999999,1.71,0
16,0.8999999999999999,1.722,0
16,0.8999999999999999,1.734,0
16,0.8999999999999999,1.746,0
16,0.8999999999999999,1.758,0
16,0.8999999999999999,1.77,0
16,0.8999999999999999,1.782,0
16,0.8999999999999999,1.794,0
17,1.0499999999999998,-1.794,0
17,1.0499999999999998,-1.782,0
17,1.0499999999999998,-1.77,0
17,1.0499999999999998,-1.758,0
17,1.0499999999999998,-1.746,0
17,1.0499999999999998,-1.734,0
17,1.0499999999999998,-1.722,0
17,1.0499999999999998,-1.71,0
17,1.0499999999999998,-1.698,0
17,1.0499999999999998,-1.686,0
17,1.0499999999999998,-1.6740000000000002,0
17,1.0499999999999998,-1.6620000000000001,0
17,1.0499999999999998,-1.6500000000000001,0
17,1.0499999999999998,-1.6380000000000001,0
17,1.0499999999999998,-1.6260000000000001,0
17,1.0499999999999998,-1.614,0
17,1.0499999999999998,-1.602,0
17,1.0499999999999998,-1.59,0
17,1.0499999999999998,-1.578,0
17,1.0499999999999998,-1.566,0
17,1.0499999999999998,-1.554,0
17,1.0499999999999998,-1.542,0
17,1.0499999999999998,-1.53,0
17,1.0499999999999998,-1.518,0
17,1.0499999999999998,-1.506,0
17,1.0499999999999998,-1.494,0
17,1.0499999999999998,-1.482,0
17,1.0499999999999998,-1.47,0
17,1.0499999999999998,-1.458,0
17,1.0499999999999998,-1.446,0
17,1.0499999999999998,-1.434,0
17,1.0499999999999998,-1.422,0
17,1.0499999999999998,-1.41,0
17,1.0499999999999998,-1.398,0
17,1.0499999999999998,-1.3860000000000001,0
17,1.0499999999999998,-1.374,0
17,1.0499999999999998,-1.362,0
17,1.0499999999999998,-1.35,0
17,1.0499999999999998,-1.338,0
17,1.0499999999999998,-1.326,0
17,1.0499999999999998,-1.314,0
17,1.0499999999999998,-1.302,0
17,1.0499999999999998,-1.29,0
17,1.0499999999999998,-1.278,0
17,1.0499999999999998,-1.266,0
17,1.0499999999999998,-1.254,0
17,1.0499999999999998,-1.242,0
17,1.0499999999999998,-1.23,0
17,1.0499999999999998,-1.218,0
17,1.0499999999999998,-1.2060000000000002,0
17,1.0499999999999998,-1.1940000000000002,0
17,1.0499999999999998,-1.1820000000000002,0
17,1.0499999999999998,-1.1700000000000002,0
17,1.0499999999999998,-1.1580000000000001,0
17,1.0499999999999998,-1.1460000000000001,0
17,1.0499999999999998,-1.1340000000000001,0
17,1.0499999999999998,-1.122,0
17,1.0499999999999998,-1.11,0
17,1.0499999999999998,-1.098,0
17,1.0499999999999998,-1.086,0
17,1.0499999999999998,-1.074,0
17,1.0499999999999998,-1.062,0
17,1.0499999999999998,-1.05,0
17,1.0499999999999998,-1.038,0
17,1.0499999999999998,-1.026,0
17,1.0499999999999998,-1.014,0
17,1.0499999999999998,-1.002,0
17,1.0499999999999998,-0.99,0
17,1.0499999999999998,-0.978,0
17,1.0499999999999998,-0.966,0
17,1.0499999999999998,-0.9540000000000001,0
17,1.0499999999999998,-0.9420000000000001,0
17,1.0499999999999998,-0.93,0
17,1.0499999999999998,-0.918,0
17,1.0499999999999998,-0.906,0
17,1.0499999999999998,-0.894,0
17,1.0499999999999998,-0.882,0
17,1.0499999999999998,-0.87,0
17,1.0499999999999998,-0.858,0
17,1.0499999999999998,-0.8460000000000001,0
17,1.0499999999999998,-0.8340000000000001,0
17,1.0499999999999998,-0.8220000000000001,0
17,1.0499999999999998,-0.81,0
17,1.0499999999999998,-0.798,0
17,1.0499999999999998,-0.786,0
17,1.0499999999999998,-0.774,0
17,1.0499999999999998,-0.762,0
17,1.0499999999999998,-0.75,0
17,1.0499999999999998,-0.738,0
17,1.0499999999999998,-0.726,0
17,1.0499999999999998,-0.714,0
17,1.0499999999999998,-0.702,0
17,1.0499999999999998,-0.69,0
17,1.0499999999999998,-0.6779999999999999,0
17,1.0499999999999998,-0.6659999999999999,0
17,1.0499999999999998,-0.6539999999999999,0
17,1.0499999999999998,-0.642,0
17,1.0499999999999998,-0.6300000000000001,0
17,1.0499999999999998,-0.6180000000000001,0
17,1.0499999999999998,-0.6060000000000001,0
17,1.0499999999999998,-0.5940000000000001,0
17,1.0499999999999998,-0.5820000000000001,0
17,1.0499999999999998,-0.5700000000000001,0
17,1.0499999999999998,-0.558,0
17,1.0499999999999998,-0.546,0
17,1.0499999999999998,-0.534,0
17,1.0499999999999998,-0.522,0
17,1.0499999999999998,-0.51,0
17,1.0499999999999998,-0.498,0
17,1.0499999999999998,-0.486,0
17,1.0499999999999998,-0.474,0
17,1.0499999999999998,-0.46199999999999997,0
17,1.0499999999999998,-0.44999999999999996,0
17,1.0499999999999998,-0.43799999999999994,0
17,1.0499999999999998,-0.42599999999999993,0
17,1.0499999999999998,-0.4139999999999999,0
17,1.0499999999999998,-0.4019999999999999,0
17,1.0499999999999998,-0.39,0
17,1.0499999999999998,-0.3780000000000001,0
17,1.0499999999999998,-0.3660000000000001,0
17,1.0499999999999998,-0.3540000000000001,0
17,1.0499999999999998,-0.3420000000000001,0
17,1.0499999999999998,-0.33000000000000007,0
17,1.0499999999999998,-0.31800000000000006,0
17,1.0499999999999998,-0.30600000000000005,0
17,1.0499999999999998,-0.29400000000000004,0
17,1.0499999999999998,-0.28200000000000003,0
17,1.0499999999999998,-0.27,0
17,1.0499999999999998,-0.258,0
17,1.0499999999999998,-0.246,0
17,1.0499999999999998,-0.23399999999999999,0
17,1.0499999999999998,-0.22199999999999998,0
17,1.0499999999999998,-0.20999999999999996,0
17,1.0499999999999998,-0.19799999999999995,0
17,1.0499999999999998,-0.18599999999999994,0
17,1.0499999999999998,-0.17399999999999993,0
17,1.0499999999999998,-0.16199999999999992,0
17,1.0499999999999998,-0.1499999999999999,0
17,1.0499999999999998,-0.138,0
17,1.0499999999999998,-0.1260000000000001,0
17,1.0499999999999998,-0.1140000000000001,0
17,1.0499999999999998,-0.10200000000000009,0
17,1.0499999999999998,-0.09000000000000008,0
17,1.0499999999999998,-0.07800000000000007,0
17,1.0499999999999998,-0.06600000000000006,0
17,1.0499999999999998,-0.05400000000000005,0
17,1.0499999999999998,-0.04200000000000004,0
17,1.0499999999999998,-0.030000000000000027,0
17,1.0499999999999998,-0.018000000000000016,0
17,1.0499999999999998,-0.006000000000000005,0
17,1.0499999999999998,0.006000000000000005,0
17,1.0499999999999998,0.018000000000000016,0
17,1.0499999999999998,0.030000000000000027,0
17,1.0499999999999998,0.04200000000000004,0
17,1.0499999999999998,0.05400000000000005,0
17,1.0499999999999998,0.06600000000000006,0
17,1.0499999999999998,0.07800000000000007,0
17,1.0499999999999998,0.09000000000000008,0
17,1.0499999999999998,0.10200000000000009,0
17,1.0499999999999998,0.11399999999999999,0
17,1.0499999999999998,0.1259999999999999,0
17,1.0499999999999998,0.1379999999999999,0
17,1.0499999999999998,0.1499999999999999,0
17,1.0499999999999998,0.16199999999999992,0
17,1.0499999999999998,0.17399999999999993,0
17,1.0499999999999998,0.18599999999999994,0
17,1.0499999999999998,0.19799999999999995,0
17,1.0499999999999998,0.20999999999999996,0
17,1.0499999999999998,0.22199999999999998,0
17,1.0499999999999998,0.23399999999999999,0
17,1.0499999999999998,0.246,0
17,1.0499999999999998,0.258,0
17,1.0499999999999998,0.27,0
17,1.0499999999999998,0.28200000000000003,0
17,1.0499999999999998,0.29400000000000004,0
17,1.0499999999999998,0.30600000000000005,0
17,1.0499999999999998,0.31800000000000006,0
17,1.0499999999999998,0.33000000000000007,0
17,1.0499999999999998,0.3420000000000001,0
17,1.0499999999999998,0.3540000000000001,0
17,1.0499999999999998,0.3660000000000001,0
17,1.0499999999999998,0.3780000000000001,0
17,1.0499999999999998,0.3900000000000001,0
17,1.0499999999999998,0.40200000000000014,0
17,1.0499999999999998,0.41400000000000015,0
17,1.0499999999999998,0.42600000000000016,0
17,1.0499999999999998,0.43800000000000017,0
17,1.0499999999999998,0.4500000000000002,0
17,1.0499999999999998,0.4620000000000002,0
17,1.0499999999999998,0.4740000000000002,0
17,1.0499999999999998,0.4860000000000002,0
17,1.0499999999999998,0.4980000000000002,0
17,1.0499999999999998,0.51,0
17,1.0499999999999998,0.5219999999999998,0
17,1.0499999999999998,0.5339999999999998,0
17,1.0499999999999998,0.5459999999999998,0
17,1.0499999999999998,0.5579999999999998,0
17,1.0499999999999998,0.5699999999999998,0
17,1.0499999999999998,0.5819999999999999,0
17,1.0499999999999998,0.5939999999999999,0
17,1.0499999999999998,0.6059999999999999,0
17,1.0499999999999998,0.6179999999999999,0
17,1.0499999999999998,0.6299999999999999,0
17,1.0499999999999998,0.6419999999999999,0
17,1.0499999999999998,0.6539999999999999,3
17,1.0499999999999998,0.6659999999999999,1
17,1.0499999999999998,0.6779999999999999,1
17,1.0499999999999998,0.69,2
17,1.0499999999999998,0.702,8
17,1.0499999999999998,0.714,8
17,1.0499999999999998,0.726,9
17,1.0499999999999998,0.738,18
17,1.0499999999999998,0.75,30
17,1.0499999999999998,0.762,36
17,1.0499999999999998,0.774,60
17,1.0499999999999998,0.786,69
17,1.0499999999999998,0.798,127
17,1.0499999999999998,0.81,155
17,1.0499999999999998,0.8220000000000001,236
17,1.0499999999999998,0.8340000000000001,291
17,1.0499999999999998,0.8460000000000001,360
17,1.0499999999999998,0.8580000000000001,538
17,1.0499999999999998,0.8700000000000001,674
17,1.0499999999999998,0.8820000000000001,892
17,1.0499999999999998,0.8940000000000001,1082
17,1.0499999999999998,0.9060000000000001,1381
17,1.0499999999999998,0.9180000000000001,1687
17,1.0499999999999998,0.9300000000000002,2027
17,1.0499999999999998,0.9420000000000002,2284
17,1.0499999999999998,0.9540000000000002,2812
17,1.0499999999999998,0.9660000000000002,3234
17,1.0499999999999998,0.9780000000000002,3559
17,1.0499999999999998,0.9900000000000002,3849
17,1.0499999999999998,1.0020000000000002,4459
17,1.0499999999999998,1.014,4723
17,1.0499999999999998,1.0259999999999998,4970
17,1.0499999999999998,1.0379999999999998,5080
17,1.0499999999999998,1.0499999999999998,5122
17,1.0499999999999998,1.0619999999999998,5174
17,1.0499999999999998,1.0739999999999998,5142
17,1.0499999999999998,1.0859999999999999,5000
17,1.0499999999999998,1.0979999999999999,4595
17,1.0499999999999998,1.1099999999999999,4315
17,1.0499999999999998,1.1219999999999999,3892
17,1.0499999999999998,1.134,3506
17,1.0499999999999998,1.146,3010
17,1.0499999999999998,1.158,2666
17,1.0499999999999998,1.17,2064
17,1.0499999999999998,1.182,1677
17,1.0499999999999998,1.194,1372
17,1.0499999999999998,1.206,1072
17,1.0499999999999998,1.218,825
17,1.0499999999999998,1.23,564
17,1.0499999999999998,1.242,454
17,1.0499999999999998,1.254,267
17,1.0499999999999998,1.266,230
17,1.0499999999999998,1.278,142
17,1.0499999999999998,1.29,97
17,1.0499999999999998,1.302,54
17,1.0499999999999998,1.314,38
17,1.0499999999999998,1.326,27
17,1.0499999999999998,1.338,10
17,1.0499999999999998,1.35,9
17,1.0499999999999998,1.362,4
17,1.0499999999999998,1.374,5
17,1.0499999999999998,1.3860000000000001,2
17,1.0499999999999998,1.3980000000000001,0
17,1.0499999999999998,1.4100000000000001,0
17,1.0499999999999998,1.4220000000000002,0
17,1.0499999999999998,1.4340000000000002,0
17,1.0499999999999998,1.4460000000000002,0
17,1.0499999999999998,1.4580000000000002,0
17,1.0499999999999998,1.4700000000000002,0
17,1.0499999999999998,1.4820000000000002,0
17,1.0499999999999998,1.4940000000000002,0
17,1.0499999999999998,1.5060000000000002,0
17,1.0499999999999998,1.5180000000000002,0
17,1.0499999999999998,1.53,0
17,1.0499999999999998,1.5419999999999998,0
17,1.0499999999999998,1.5539999999999998,0
17,1.0499999999999998,1.5659999999999998,0
17,1.0499999999999998,1.5779999999999998,0
17,1.0499999999999998,1.5899999999999999,0
17,1.0499999999999998,1.6019999999999999,0
17,1.0499999999999998,1.6139999999999999,0
17,1.0499999999999998,1.626,0
17,1.0499999999999998,1.638,0
17,1.0499999999999998,1.65,0
17,1.0499999999999998,1.662,0
17,1.0499999999999998,1.674,0
17,1.0499999999999998,1.686,0
17,1.0499999999999998,1.698,0
17,1.0499999999999998,1.71,0
17,1.0499999999999998,1.722,0
17,1.0499999999999998,1.734,0
17,1.0499999999999998,1.746,0
17,1.0499999999999998,1.758,0
17,1.0499999999999998,1.77,0
17,1.0499999999999998,1.782,0
17,1.0499999999999998,1.794,0
18,1.1999999999999997,-1.794,0
18,1.1999999999999997,-1.782,0
18,1.1999999999999997,-1.77,0
18,1.1999999999999997,-1.758,0
18,1.1999999999999997,-1.746,0
18,1.1999999999999997,-1.734,0
18,1.1999999999999997,-1.722,0
18,1.1999999999999997,-1.71,0
18,1.1999999999999997,-1.698,0
18,1.1999999999999997,-1.686,0
18,1.1999999999999997,-1.6740000000000002,0
18,1.1999999999999997,-1.6620000000000001,0
18,1.1999999999999997,-1.6500000000000001,0
18,1.1999999999999997,-1.6380000000000001,0
18,1.1999999999999997,-1.6260000000000001,0
18,1.1999999999999997,-1.614,0
18,1.1999999999999997,-1.602,0
18,1.1999999999999997,-1.59,0
18,1.1999999999999997,-1.578,0
18,1.1999999999999997,-1.566,0
18,1.1999999999999997,-1.554,0
18,1.1999999999999997,-1.542,0
18,1.1999999999999997,-1.53,0
18,1.1999999999999997,-1.518,0
18,1.1999999999999997,-1.506,0
18,1.1999999999999997,-1.494,0
18,1.1999999999999997,-1.482,0
18,1.1999999999999997,-1.47,0
18,1.1999999999999997,-1.458,0
18,1.1999999999999997,-1.446,0
18,1.1999999999999997,-1.434,0
18,1.1999999999999997,-1.422,0
18,1.1999999999999997,-1.41,0
18,1.1999999999999997,-1.398,0
18,1.1999999999999997,-1.3860000000000001,0
18,1.1999999999999997,-1.374,0
18,1.1999999999999997,-1.362,0
18,1.1999999999999997,-1.35,0
18,1.1999999999999997,-1.338,0
18,1.1999999999999997,-1.326,0
18,1.1999999999999997,-1.314,0
18,1.1999999999999997,-1.302,0
18,1.1999999999999997,-1.29,0
18,1.1999999999999997,-1.278,0
18,1.1999999999999997,-1.266,0
18,1.1999999999999997,-1.254,0
18,1.1999999999999997,-1.242,0
18,1.1999999999999997,-1.23,0
18,1.1999999999999997,-1.218,0
18,1.1999999999999997,-1.2060000000000002,0
18,1.1999999999999997,-1.1940000000000002,0
18,1.1999999999999997,-1.1820000000000002,0
18,1.1999999999999997,-1.1700000000000002,0
18,1.1999999999999997,-1.1580000000000001,0
18,1.1999999999999997,-1.1460000000000001,0
18,1.1999999999999997,-1.1340000000000001,0
18,1.1999999999999997,-1.122,0
18,1.1999999999999997,-1.11,0
18,1.1999999999999997,-1.098,0
18,1.1999999999999997,-1.086,0
18,1.1999999999999997,-1.074,0
18,1.1999999999999997,-1.062,0
18,1.1999999999999997,-1.05,0
18,1.1999999999999997,-1.038,0
18,1.1999999999999997,-1.026,0
18,1.1999999999999997,-1.014,0
18,1.1999999999999997,-1.002,0
18,1.1999999999999997,-0.99,0
18,1.1999999999999997,-0.978,0
18,1.1999999999999997,-0.966,0
18,1.1999999999999997,-0.9540000000000001,0
18,1.1999999999999997,-0.9420000000000001,0
18,1.1999999999999997,-0.93,0
18,1.1999999999999997,-0.918,0
18,1.1999999999999997,-0.906,0
18,1.1999999999999997,-0.894,0
18,1.1999999999999997,-0.882,0
18,1.1999999999999997,-0.87,0
18,1.1999999999999997,-0.858,0
18,1.1999999999999997,-0.8460000000000001,0
18,1.1999999999999997,-0.8340000000000001,0
18,1.1999999999999997,-0.8220000000000001,0
18,1.1999999999999997,-0.81,0
18,1.1999999999999997,-0.798,0
18,1.1999999999999997,-0.786,0
18,1.1999999999999997,-0.774,0
18,1.1999999999999997,-0.762,0
18,1.1999999999999997,-0.75,0
18,1.1999999999999997,-0.738,0
18,1.1999999999999997,-0.726,0
18,1.1999999999999997,-0.714,0
18,1.1999999999999997,-0.702,0
18,1.1999999999999997,-0.69,0
18,1.1999999999999997,-0.6779999999999999,0
18,1.1999999999999997,-0.6659999999999999,0
18,1.1999999999999997,-0.6539999999999999,0
18,1.1999999999999997,-0.642,0
18,1.1999999999999997,-0.6300000000000001,0
18,1.1999999999999997,-0.6180000000000001,0
18,1.1999999999999997,-0.6060000000000001,0
18,1.1999999999999997,-0.5940000000000001,0
18,1.1999999999999997,-0.5820000000000001,0
18,1.1999999999999997,-0.5700000000000001,0
18,1.1999999999999997,-0.558,0
18,1.1999999999999997,-0.546,0
18,1.1999999999999997,-0.534,0
18,1.1999999999999997,-0.522,0
18,1.1999999999999997,-0.51,0
18,1.1999999999999997,-0.498,0
18,1.1999999999999997,-0.486,0
18,1.1999999999999997,-0.474,0
18,1.1999999999999997,-0.46199999999999997,0
18,1.1999999999999997,-0.44999999999999996,0
18,1.1999999999999997,-0.43799999999999994,0
18,1.1999999999999997,-0.42599999999999993,0
18,1.1999999999999997,-0.4139999999999999,0
18,1.1999999999999997,-0.4019999999999999,0
18,1.1999999999999997,-0.39,0
18,1.1999999999999997,-0.3780000000000001,0
18,1.1999999999999997,-0.3660000000000001,0
18,1.1999999999999997,-0.3540000000000001,0
18,1.1999999999999997,-0.3420000000000001,0
18,1.1999999999999997,-0.33000000000000007,0
18,1.1999999999999997,-0.31800000000000006,0
18,1.1999999999999997,-0.30600000000000005,0
18,1.1999999999999997,-0.29400000000000004,0
18,1.1999999999999997,-0.28200000000000003,0
18,1.1999999999999997,-0.27,0
18,1.1999999999999997,-0.258,0
18,1.1999999999999997,-0.246,0
18,1.1999999999999997,-0.23399999999999999,0
18,1.1999999999999997,-0.22199999999999998,0
18,1.1999999999999997,-0.20999999999999996,0
18,1.1999999999999997,-0.19799999999999995,0
18,1.1999999999999997,-0.18599999999999994,0
18,1.1999999999999997,-0.17399999999999993,0
18,1.1999999999999997,-0.16199999999999992,0
18,1.1999999999999997,-0.1499999999999999,0
18,1.1999999999999997,-0.138,0
18,1.1999999999999997,-0.1260000000000001,0
18,1.1999999999999997,-0.1140000000000001,0
18,1.1999999999999997,-0.10200000000000009,0
18,1.1999999999999997,-0.09000000000000008,0
18,1.1999999999999997,-0.07800000000000007,0
18,1.1999999999999997,-0.06600000000000006,0
18,1.1999999999999997,-0.05400000000000005,0
18,1.1999999999999997,-0.04200000000000004,0
18,1.1999999999999997,-0.030000000000000027,0
18,1.1999999999999997,-0.018000000000000016,0
18,1.1999999999999997,-0.006000000000000005,0
18,1.1999999999999997,0.006000000000000005,0
18,1.1999999999999997,0.018000000000000016,0
18,1.1999999999999997,0.030000000000000027,0
18,1.1999999999999997,0.04200000000000004,0
18,1.1999999999999997,0.05400000000000005,0
18,1.1999999999999997,0.06600000000000006,0
18,1.1999999999999997,0.07800000000000007,0
18,1.1999999999999997,0.09000000000000008,0
18,1.1999999999999997,0.10200000000000009,0
18,1.1999999999999997,0.11399999999999999,0
18,1.1999999999999997,0.1259999999999999,0
18,1.1999999999999997,0.1379999999999999,0
18,1.1999999999999997,0.1499999999999999,0
18,1.1999999999999997,0.16199999999999992,0
18,1.1999999999999997,0.17399999999999993,0
18,1.1999999999999997,0.18599999999999994,0
18,1.1999999999999997,0.19799999999999995,0
18,1.1999999999999997,0.20999999999999996,0
18,1.1999999999999997,0.22199999999999998,0
18,1.1999999999999997,0.23399999999999999,0
18,1.1999999999999997,0.246,0
18,1.1999999999999997,0.258,0
18,1.1999999999999997,0.27,0
18,1.1999999999999997,0.28200000000000003,0
18,1.1999999999999997,0.29400000000000004,0
18,1.1999999999999997,0.30600000000000005,0
18,1.1999999999999997,0.31800000000000006,0
18,1.1999999999999997,0.33000000000000007,0
18,1.1999999999999997,0.3420000000000001,0
18,1.1999999999999997,0.3540000000000001,0
18,1.1999999999999997,0.3660000000000001,0
18,1.1999999999999997,0.3780000000000001,0
18,1.1999999999999997,0.3900000000000001,0
18,1.1999999999999997,0.40200000000000014,0
18,1.1999999999999997,0.41400000000000015,0
18,1.1999999999999997,0.42600000000000016,0
18,1.1999999999999997,0.43800000000000017,0
18,1.1999999999999997,0.4500000000000002,0
18,1.1999999999999997,0.4620000000000002,0
18,1.1999999999999997,0.4740000000000002,0
18,1.1999999999999997,0.4860000000000002,0
18,1.1999999999999997,0.4980000000000002,0
18,1.1999999999999997,0.51,0
18,1.1999999999999997,0.5219999999999998,0
18,1.1999999999999997,0.5339999999999998,0
18,1.1999999999999997,0.5459999999999998,0
18,1.1999999999999997,0.5579999999999998,0
18,1.1999999999999997,0.5699999999999998,0
18,1.1999999999999997,0.5819999999999999,0
18,1.1999999999999997,0.5939999999999999,0
18,1.1999999999999997,0.6059999999999999,0
18,1.1999999999999997,0.6179999999999999,0
18,1.1999999999999997,0.6299999999999999,0
18,1.1999999999999997,0.6419999999999999,0
18,1.1999999999999997,0.6539999999999999,0
18,1.1999999999999997,0.6659999999999999,0
18,1.1999999999999997,0.6779999999999999,0
18,1.1999999999999997,0.69,0
18,1.1999999999999997,0.702,0
18,1.1999999999999997,0.714,0
18,1.1999999999999997,0.726,0
18,1.1999999999999997,0.738,0
18,1.1999999999999997,0.75,0
18,1.1999999999999997,0.762,0
18,1.1999999999999997,0.774,3
18,1.1999999999999997,0.786,6
18,1.1999999999999997,0.798,8
18,1.1999999999999997,0.81,11
18,1.1999999999999997,0.8220000000000001,18
18,1.1999999999999997,0.8340000000000001,23
18,1.1999999999999997,0.8460000000000001,51
18,1.1999999999999997,0.8580000000000001,54
18,1.1999999999999997,0.8700000000000001,96
18,1.1999999999999997,0.8820000000000001,134
18,1.1999999999999997,0.8940000000000001,176
18,1.1999999999999997,0.9060000000000001,312
18,1.1999999999999997,0.9180000000000001,356
18,1.1999999999999997,0.9300000000000002,493
18,1.1999999999999997,0.9420000000000002,680
18,1.1999999999999997,0.9540000000000002,891
18,1.1999999999999997,0.9660000000000002,1121
18,1.1999999999999997,0.9780000000000002,1426
18,1.1999999999999997,0.9900000000000002,1736
18,1.1999999999999997,1.0020000000000002,2116
18,1.1999999999999997,1.014,2524
18,1.1999999999999997,1.0259999999999998,2899
18,1.1999999999999997,1.0379999999999998,3464
18,1.1999999999999997,1.0499999999999998,3921
18,1.1999999999999997,1.0619999999999998,4376
18,1.1999999999999997,1.0739999999999998,4715
18,1.1999999999999997,1.0859999999999999,5064
18,1.1999999999999997,1.0979999999999999,5278
18,1.1999999999999997,1.1099999999999999,5369
18,1.1999999999999997,1.1219999999999999,5501
18,1.1999999999999997,1.134,5334
18,1.1999999999999997,1.146,5343
18,1.1999999999999997,1.158,4940
18,1.1999999999999997,1.17,4502
18,1.1999999999999997,1.182,4228
18,1.1999999999999997,1.194,3708
18,1.1999999999999997,1.206,3185
18,1.1999999999999997,1.218,2724
18,1.1999999999999997,1.23,2242
18,1.1999999999999997,1.242,1831
18,1.1999999999999997,1.254,1480
18,1.1999999999999997,1.266,1087
18,1.1999999999999997,1.278,802
18,1.1999999999999997,1.29,592
18,1.1999999999999997,1.302,396
18,1.1999999999999997,1.314,276
18,1.1999999999999997,1.326,184
18,1.1999999999999997,1.338,130
18,1.1999999999999997,1.35,71
18,1.1999999999999997,1.362,48
18,1.1999999999999997,1.374,37
18,1.1999999999999997,1.3860000000000001,25
18,1.1999999999999997,1.3980000000000001,4
18,1.1999999999999997,1.4100000000000001,3
18,1.1999999999999997,1.4220000000000002,3
18,1.1999999999999997,1.4340000000000002,2
18,1.1999999999999997,1.4460000000000002,1
18,1.1999999999999997,1.4580000000000002,0
18,1.1999999999999997,1.4700000000000002,0
18,1.1999999999999997,1.4820000000000002,0
18,1.1999999999999997,1.4940000000000002,0
18,1.1999999999999997,1.5060000000000002,0
18,1.1999999999999997,1.5180000000000002,0
18,1.1999999999999997,1.53,0
18,1.1999999999999997,1.5419999999999998,0
18,1.1999999999999997,1.5539999999999998,0
18,1.1999999999999997,1.5659999999999998,0
18,1.1999999999999997,1.5779999999999998,0
18,1.1999999999999997,1.5899999999999999,0
18,1.1999999999999997,1.6019999999999999,0
18,1.1999999999999997,1.6139999999999999,0
18,1.1999999999999997,1.626,0
18,1.1999999999999997,1.638,0
18,1.1999999999999997,1.65,0
18,1.1999999999999997,1.662,0
18,1.1999999999999997,1.674,0
18,1.1999999999999997,1.686,0
18,1.1999999999999997,1.698,0
18,1.1999999999999997,1.71,0
18,1.1999999999999997,1.722,0
18,1.1999999999999997,1.734,0
18,1.1999999999999997,1.746,0
18,1.1999999999999997,1.758,0
18,1.1999999999999997,1.77,0
18,1.1999999999999997,1.782,0
18,1.1999999999999997,1.794,0
19,1.35,-1.794,0
19,1.35,-1.782,0
19,1.35,-1.77,0
19,1.35,-1.758,0
19,1.35,-1.746,0
19,1.35,-1.734,0
19,1.35,-1.722,0
19,1.35,-1.71,0
19,1.35,-1.698,0
19,1.35,-1.686,0
19,1.35,-1.6740000000000002,0
19,1.35,-1.6620000000000001,0
19,1.35,-1.6500000000000001,0
19,1.35,-1.6380000000000001,0
19,1.35,-1.6260000000000001,0
19,1.35,-1.614,0
19,1.35,-1.602,0
19,1.35,-1.59,0
19,1.35,-1.578,0
19,1.35,-1.566,0
19,1.35,-1.554,0
19,1.35,-1.542,0
19,1.35,-1.53,0
19,1.35,-1.518,0
19,1.35,-1.506,0
19,1.35,-1.494,0
19,1.35,-1.482,0
19,1.35,-1.47,0
19,1.35,-1.458,0
19,1.35,-1.446,0
19,1.35,-1.434,0
19,1.35,-1.422,0
19,1.35,-1.41,0
19,1.35,-1.398,0
19,1.35,-1.3860000000000001,0
19,1.35,-1.374,0
19,1.35,-1.362,0
19,1.35,-1.35,0
19,1.35,-1.338,0
19,1.35,-1.326,0
19,1.35,-1.314,0
19,1.35,-1.302,0
19,1.35,-1.29,0
19,1.35,-1.278,0
19,1.35,-1.266,0
19,1.35,-1.254,0
19,1.35,-1.242,0
19,1.35,-1.23,0
19,1.35,-1.218,0
19,1.35,-1.2060000000000002,0
19,1.35,-1.1940000000000002,0
19,1.35,-1.1820000000000002,0
19,1.35,-1.1700000000000002,0
19,1.35,-1.1580000000000001,0
19,1.35,-1.1460000000000001,0
19,1.35,-1.1340000000000001,0
19,1.35,-1.122,0
19,1.35,-1.11,0
19,1.35,-1.098,0
19,1.35,-1.086,0
19,1.35,-1.074,0
19,1.35,-1.062,0
19,1.35,-1.05,0
19,1.35,-1.038,0
19,1.35,-1.026,0
19,1.35,-1.014,0
19,1.35,-1.002,0
19,1.35,-0.99,0
19,1.35,-0.978,0
19,1.35,-0.966,0
19,1.35,-0.9540000000000001,0
19,1.35,-0.9420000000000001,0
19,1.35,-0.93,0
19,1.35,-0.918,0
19,1.35,-0.906,0
19,1.35,-0.894,0
19,1.35,-0.882,0
19,1.35,-0.87,0
19,1.35,-0.858,0
19,1.35,-0.8460000000000001,0
19,1.35,-0.8340000000000001,0
19,1.35,-0.8220000000000001,0
19,1.35,-0.81,0
19,1.35,-0.798,0
19,1.35,-0.786,0
19,1.35,-0.774,0
19,1.35,-0.762,0
19,1.35,-0.75,0
19,1.35,-0.738,0
19,1.35,-0.726,0
19,1.35,-0.714,0
19,1.35,-0.702,0
19,1.35,-0.69,0
19,1.35,-0.6779999999999999,0
19,1.35,-0.6659999999999999,0
19,1.35,-0.6539999999999999,0
19,1.35,-0.642,0
19,1.35,-0.6300000000000001,0
19,1.35,-0.6180000000000001,0
19,1.35,-0.6060000000000001,0
19,1.35,-0.5940000000000001,0
19,1.35,-0.5820000000000001,0
19,1.35,-0.5700000000000001,0
19,1.35,-0.558,0
19,1.35,-0.546,0
19,1.35,-0.534,0
19,1.35,-0.522,0
19,1.35,-0.51,0
19,1.35,-0.498,0
19,1.35,-0.486,0
19,1.35,-0.474,0
19,1.35,-0.46199999999999997,0
19,1.35,-0.44999999999999996,0
19,1.35,-0.43799999999999994,0
19,1.35,-0.42599999999999993,0
19,1.35,-0.4139999999999999,0
19,1.35,-0.4019999999999999,0
19,1.35,-0.39,0
19,1.35,-0.3780000000000001,0
19,1.35,-0.3660000000000001,0
19,1.35,-0.3540000000000001,0
19,1.35,-0.3420000000000001,0
19,1.35,-0.33000000000000007,0
19,1.35,-0.31800000000000006,0
19,1.35,-0.30600000000000005,0
19,1.35,-0.29400000000000004,0
19,1.35,-0.28200000000000003,0
19,1.35,-0.27,0
19,1.35,-0.258,0
19,1.35,-0.246,0
19,1.35,-0.23399999999999999,0
19,1.35,-0.22199999999999998,0
19,1.35,-0.20999999999999996,0
19,1.35,-0.19799999999999995,0
19,1.35,-0.18599999999999994,0
19,1.35,-0.17399999999999993,0
19,1.35,-0.16199999999999992,0
19,1.35,-0.1499999999999999,0
19,1.35,-0.138,0
19,1.35,-0.1260000000000001,0
19,1.35,-0.1140000000000001,0
19,1.35,-0.10200000000000009,0
19,1.35,-0.09000000000000008,0
19,1.35,-0.07800000000000007,0
19,1.35,-0.06600000000000006,0
19,1.35,-0.05400000000000005,0
19,1.35,-0.04200000000000004,0
19,1.35,-0.030000000000000027,0
19,1.35,-0.018000000000000016,0
19,1.35,-0.006000000000000005,0
19,1.35,0.006000000000000005,0
19,1.35,0.018000000000000016,0
19,1.35,0.030000000000000027,0
19,1.35,0.04200000000000004,0
19,1.35,0.05400000000000005,0
19,1.35,0.06600000000000006,0
19,1.35,0.07800000000000007,0
19,1.35,0.09000000000000008,0
19,1.35,0.10200000000000009,0
19,1.35,0.11399999999999999,0
19,1.35,0.1259999999999999,0
19,1.35,0.1379999999999999,0
19,1.35,0.1499999999999999,0
19,1.35,0.16199999999999992,0
19,1.35,0.17399999999999993,0
19,1.35,0.18599999999999994,0
19,1.35,0.19799999999999995,0
19,1.35,0.20999999999999996,0
19,1.35,0.22199999999999998,0
19,1.35,0.23399999999999999,0
19,1.35,0.246,0
19,1.35,0.258,0
19,1.35,0.27,0
19,1.35,0.28200000000000003,0
19,1.35,0.29400000000000004,0
19,1.35,0.30600000000000005,0
19,1.35,0.31800000000000006,0
19,1.35,0.33000000000000007,0
19,1.35,0.3420000000000001,0
19,1.35,0.3540000000000001,0
19,1.35,0.3660000000000001,0
19,1.35,0.3780000000000001,0
19,1.35,0.3900000000000001,0
19,1.35,0.40200000000000014,0
19,1.35,0.41400000000000015,0
19,1.35,0.42600000000000016,0
19,1.35,0.43800000000000017,0
19,1.35,0.4500000000000002,0
19,1.35,0.4620000000000002,0
19,1.35,0.4740000000000002,0
19,1.35,0.4860000000000002,0
19,1.35,0.4980000000000002,0
19,1.35,0.51,0
19,1.35,0.5219999999999998,0
19,1.35,0.5339999999999998,0
19,1.35,0.5459999999999998,0
19,1.35,0.5579999999999998,0
19,1.35,0.5699999999999998,0
19,1.35,0.5819999999999999,0
19,1.35,0.5939999999999999,0
19,1.35,0.6059999999999999,0
19,1.35,0.6179999999999999,0
19,1.35,0.6299999999999999,0
19,1.35,0.6419999999999999,0
19,1.35,0.6539999999999999,0
19,1.35,0.6659999999999999,0
19,1.35,0.6779999999999999,0
19,1.35,0.69,0
19,1.35,0.702,0
19,1.35,0.714,0
19,1.35,0.726,0
19,1.35,0.738,0
19,1.35,0.75,0
19,1.35,0.762,0
19,1.35,0.774,0
19,1.35,0.786,0
19,1.35,0.798,0
19,1.35,0.81,1
19,1.35,0.8220000000000001,3
19,1.35,0.8340000000000001,3
19,1.35,0.8460000000000001,3
19,1.35,0.8580000000000001,8
19,1.35,0.8700000000000001,8
19,1.35,0.8820000000000001,16
19,1.35,0.8940000000000001,21
19,1.35,0.9060000000000001,26
19,1.35,0.9180000000000001,50
19,1.35,0.9300000000000002,75
19,1.35,0.9420000000000002,117
19,1.35,0.9540000000000002,151
19,1.35,0.9660000000000002,206
19,1.35,0.9780000000000002,300
19,1.35,0.9900000000000002,402
19,1.35,1.0020000000000002,540
19,1.35,1.014,791
19,1.35,1.0259999999999998,974
19,1.35,1.0379999999999998,1218
19,1.35,1.0499999999999998,1564
19,1.35,1.0619999999999998,2080
19,1.35,1.0739999999999998,2455
19,1.35,1.0859999999999999,2948
19,1.35,1.0979999999999999,3463
19,1.35,1.1099999999999999,3926
19,1.35,1.1219999999999999,4296
19,1.35,1.134,4819
19,1.35,1.146,5300
19,1.35,1.158,5582
19,1.35,1.17,5739
19,1.35,1.182,5816
19,1.35,1.194,5764
19,1.35,1.206,5624
19,1.35,1.218,5109
19,1.35,1.23,4671
19,1.35,1.242,4225
19,1.35,1.254,3756
19,1.35,1.266,3245
19,1.35,1.278,2611
19,1.35,1.29,2179
19,1.35,1.302,1626
19,1.35,1.314,1287
19,1.35,1.326,948
19,1.35,1.338,689
19,1.35,1.35,474
19,1.35,1.362,305
19,1.35,1.374,220
19,1.35,1.3860000000000001,129
19,1.35,1.3980000000000001,94
19,1.35,1.4100000000000001,49
19,1.35,1.4220000000000002,53
19,1.35,1.4340000000000002,22
19,1.35,1.4460000000000002,13
19,1.35,1.4580000000000002,4
19,1.35,1.4700000000000002,0
19,1.35,1.4820000000000002,1
19,1.35,1.4940000000000002,1
19,1.35,1.5060000000000002,0
19,1.35,1.5180000000000002,0
19,1.35,1.53,0
19,1.35,1.5419999999999998,0
19,1.35,1.5539999999999998,0
19,1.35,1.5659999999999998,0
19,1.35,1.5779999999999998,0
19,1.35,1.5899999999999999,0
19,1.35,1.6019999999999999,0
19,1.35,1.6139999999999999,0
19,1.35,1.626,0
19,1.35,1.638,0
19,1.35,1.65,0
19,1.35,1.662,0
19,1.35,1.674,0
19,1.35,1.686,0
19,1.35,1.698,0
19,1.35,1.71,0
19,1.35,1.722,0
19,1.35,1.734,0
19,1.35,1.746,0
19,1.35,1.758,0
19,1.35,1.77,0
19,1.35,1.782,0
19,1.35,1.794,0
20,1.5,-1.794,0
20,1.5,-1.782,0
20,1.5,-1.77,0
20,1.5,-1.758,0
20,1.5,-1.746,0
20,1.5,-1.734,0
20,1.5,-1.722,0
20,1.5,-1.71,0
20,1.5,-1.698,0
20,1.5,-1.686,0
20,1.5,-1.6740000000000002,0
20,1.5,-1.6620000000000001,0
20,1.5,-1.6500000000000001,0
20,1.5,-1.6380000000000001,0
20,1.5,-1.6260000000000001,0
20,1.5,-1.614,0
20,1.5,-1.602,0
20,1.5,-1.59,0
20,1.5,-1.578,0
20,1.5,-1.566,0
20,1.5,-1.554,0
20,1.5,-1.542,0
20,1.5,-1.53,0
20,1.5,-1.518,0
20,1.5,-1.506,0
20,1.5,-1.494,0
20,1.5,-1.482,0
20,1.5,-1.47,0
20,1.5,-1.458,0
20,1.5,-1.446,0
20,1.5,-1.434,0
20,1.5,-1.422,0
20,1.5,-1.41,0
20,1.5,-1.398,0
20,1.5,-1.3860000000000001,0
20,1.5,-1.374,0
20,1.5,-1.362,0
20,1.5,-1.35,0
20,1.5,-1.338,0
20,1.5,-1.326,0
20,1.5,-1.314,0
20,1.5,-1.302,0
20,1.5,-1.29,0
20,1.5,-1.278,0
20,1.5,-1.266,0
20,1.5,-1.254,0
20,1.5,-1.242,0
20,1.5,-1.23,0
20,1.5,-1.218,0
20,1.5,-1.2060000000000002,0
20,1.5,-1.1940000000000002,0
20,1.5,-1.1820000000000002,0
20,1.5,-1.1700000000000002,0
20,1.5,-1.1580000000000001,0
20,1.5,-1.1460000000000001,0
20,1.5,-1.1340000000000001,0
20,1.5,-1.122,0
20,1.5,-1.11,0
20,1.5,-1.098,0
20,1.5,-1.086,0
20,1.5,-1.074,0
20,1.5,-1.062,0
20,1.5,-1.05,0
20,1.5,-1.038,0
20,1.5,-1.026,0
20,1.5,-1.014,0
20,1.5,-1.002,0
20,1.5,-0.99,0
20,1.5,-0.978,0
20,1.5,-0.966,0
20,1.5,-0.9540000000000001,0
20,1.5,-0.9420000000000001,0
20,1.5,-0.93,0
20,1.5,-0.918,0
20,1.5,-0.906,0
20,1.5,-0.894,0
20,1.5,-0.882,0
20,1.5,-0.87,0
20,1.5,-0.858,0
20,1.5,-0.8460000000000001,0
20,1.5,-0.8340000000000001,0
20,1.5,-0.8220000000000001,0
20,1.5,-0.81,0
20,1.5,-0.798,0
20,1.5,-0.786,0
20,1.5,-0.774,0
20,1.5,-0.762,0
20,1.5,-0.75,0
20,1.5,-0.738,0
20,1.5,-0.726,0
20,1.5,-0.714,0
20,1.5,-0.702,0
20,1.5,-0.69,0
20,1.5,-0.6779999999999999,0
20,1.5,-0.6659999999999999,0
20,1.5,-0.6539999999999999,0
20,1.5,-0.642,0
20,1.5,-0.6300000000000001,0
20,1.5,-0.6180000000000001,0
20,1.5,-0.6060000000000001,0
20,1.5,-0.5940000000000001,0
20,1.5,-0.5820000000000001,0
20,1.5,-0.5700000000000001,0
20,1.5,-0.558,0
20,1.5,-0.546,0
20,1.5,-0.534,0
20,1.5,-0.522,0
20,1.5,-0.51,0
20,1.5,-0.498,0
20,1.5,-0.486,0
20,1.5,-0.474,0
20,1.5,-0.46199999999999997,0
20,1.5,-0.44999999999999996,0
20,1.5,-0.43799999999999994,0
20,1.5,-0.42599999999999993,0
20,1.5,-0.4139999999999999,0
20,1.5,-0.4019999999999999,0
20,1.5,-0.39,0
20,1.5,-0.3780000000000001,0
20,1.5,-0.3660000000000001,0
20,1.5,-0.3540000000000001,0
20,1.5,-0.3420000000000001,0
20,1.5,-0.33000000000000007,0
20,1.5,-0.31800000000000006,0
20,1.5,-0.30600000000000005,0
20,1.5,-0.29400000000000004,0
20,1.5,-0.28200000000000003,0
20,1.5,-0.27,0
20,1.5,-0.258,0
20,1.5,-0.246,0
20,1.5,-0.23399999999999999,0
20,1.5,-0.22199999999999998,0
20,1.5,-0.20999999999999996,0
20,1.5,-0.19799999999999995,0
20,1.5,-0.18599999999999994,0
20,1.5,-0.17399999999999993,0
20,1.5,-0.16199999999999992,0
20,1.5,-0.1499999999999999,0
20,1.5,-0.138,0
20,1.5,-0.1260000000000001,0
20,1.5,-0.1140000000000001,0
20,1.5,-0.10200000000000009,0
20,1.5,-0.09000000000000008,0
20,1.5,-0.07800000000000007,0
20,1.5,-0.06600000000000006,0
20,1.5,-0.05400000000000005,0
20,1.5,-0.04200000000000004,0
20,1.5,-0.030000000000000027,0
20,1.5,-0.018000000000000016,0
20,1.5,-0.006000000000000005,0
20,1.5,0.006000000000000005,0
20,1.5,0.018000000000000016,0
20,1.5,0.030000000000000027,0
20,1.5,0.04200000000000004,0
20,1.5,0.05400000000000005,0
20,1.5,0.06600000000000006,0
20,1.5,0.07800000000000007,0
20,1.5,0.09000000000000008,0
20,1.5,0.10200000000000009,0
20,1.5,0.11399999999999999,0
20,1.5,0.1259999999999999,0
20,1.5,0.1379999999999999,0
20,1.5,0.1499999999999999,0
20,1.5,0.16199999999999992,0
20,1.5,0.17399999999999993,0
20,1.5,0.18599999999999994,0
20,1.5,0.19799999999999995,0
20,1.5,0.20999999999999996,0
20,1.5,0.22199999999999998,0
20,1.5,0.23399999999999999,0
20,1.5,0.246,0
20,1.5,0.258,0
20,1.5,0.27,0
20,1.5,0.28200000000000003,0
20,1.5,0.29400000000000004,0
20,1.5,0.30600000000000005,0
20,1.5,0.31800000000000006,0
20,1.5,0.33000000000000007,0
20,1.5,0.3420000000000001,0
20,1.5,0.3540000000000001,0
20,1.5,0.3660000000000001,0
20,1.5,0.3780000000000001,0
20,1.5,0.3900000000000001,0
20,1.5,0.40200000000000014,0
20,1.5,0.41400000000000015,0
20,1.5,0.42600000000000016,0
20,1.5,0.43800000000000017,0
20,1.5,0.4500000000000002,0
20,1.5,0.4620000000000002,0
20,1.5,0.4740000000000002,0
20,1.5,0.4860000000000002,0
20,1.5,0.4980000000000002,0
20,1.5,0.51,0
20,1.5,0.5219999999999998,0
20,1.5,0.5339999999999998,0
20,1.5,0.5459999999999998,0
20,1.5,0.5579999999999998,0
20,1.5,0.5699999999999998,0
20,1.5,0.5819999999999999,0
20,1.5,0.5939999999999999,0
20,1.5,0.6059999999999999,0
20,1.5,0.6179999999999999,0
20,1.5,0.6299999999999999,0
20,1.5,0.6419999999999999,0
20,1.5,0.6539999999999999,0
20,1.5,0.6659999999999999,0
20,1.5,0.6779999999999999,0
20,1.5,0.69,0
20,1.5,0.702,0
20,1.5,0.714,0
20,1.5,0.726,0
20,1.5,0.738,0
20,1.5,0.75,0
20,1.5,0.762,0
20,1.5,0.774,0
20,1.5,0.786,0
20,1.5,0.798,0
20,1.5,0.81,0
20,1.5,0.8220000000000001,0
20,1.5,0.8340000000000001,2
20,1.5,0.8460000000000001,0
20,1.5,0.8580000000000001,0
20,1.5,0.8700000000000001,1
20,1.5,0.8820000000000001,3
20,1.5,0.8940000000000001,0
20,1.5,0.9060000000000001,2
20,1.5,0.9180000000000001,2
20,1.5,0.9300000000000002,5
20,1.5,0.9420000000000002,6
20,1.5,0.9540000000000002,19
20,1.5,0.9660000000000002,18
20,1.5,0.9780000000000002,39
20,1.5,0.9900000000000002,60
20,1.5,1.0020000000000002,97
20,1.5,1.014,140
20,1.5,1.0259999999999998,238
20,1.5,1.0379999999999998,290
20,1.5,1.0499999999999998,391
20,1.5,1.0619999999999998,601
20,1.5,1.0739999999999998,772
20,1.5,1.0859999999999999,1079
20,1.5,1.0979999999999999,1308
20,1.5,1.1099999999999999,1698
20,1.5,1.1219999999999999,2215
20,1.5,1.134,2598
20,1.5,1.146,3204
20,1.5,1.158,3712
20,1.5,1.17,4210
20,1.5,1.182,4692
20,1.5,1.194,5192
20,1.5,1.206,5593
20,1.5,1.218,5686
20,1.5,1.23,5979
20,1.5,1.242,6032
20,1.5,1.254,5827
20,1.5,1.266,5617
20,1.5,1.278,4981
20,1.5,1.29,4577
20,1.5,1.302,3994
20,1.5,1.314,3382
20,1.5,1.326,2904
20,1.5,1.338,2346
20,1.5,1.35,1862
20,1.5,1.362,1374
20,1.5,1.374,1001
20,1.5,1.3860000000000001,781
20,1.5,1.3980000000000001,530
20,1.5,1.4100000000000001,336
20,1.5,1.4220000000000002,246
20,1.5,1.4340000000000002,140
20,1.5,1.4460000000000002,94
20,1.5,1.4580000000000002,56
20,1.5,1.4700000000000002,29
20,1.5,1.4820000000000002,20
20,1.5,1.4940000000000002,11
20,1.5,1.5060000000000002,6
20,1.5,1.5180000000000002,0
20,1.5,1.53,2
20,1.5,1.5419999999999998,0
20,1.5,1.5539999999999998,0
20,1.5,1.5659999999999998,0
20,1.5,1.5779999999999998,0
20,1.5,1.5899999999999999,0
20,1.5,1.6019999999999999,0
20,1.5,1.6139999999999999,0
20,1.5,1.626,0
20,1.5,1.638,0
20,1.5,1.65,0
20,1.5,1.662,0
20,1.5,1.674,0
20,1.5,1.686,0
20,1.5,1.698,0
20,1.5,1.71,0
20,1.5,1.722,0
20,1.5,1.734,0
20,1.5,1.746,0
20,1.5,1.758,0
20,1.5,1.77,0
20,1.5,1.782,0
20,1.5,1.794,0
