beta,Cv_no_GP_over_kB,Cv_GP_over_kB,phase_delta,interference_no_GP,interference_GP,path_ratio,splitting_no_GP,splitting_GP
4.000000000000000222e-01,4.973717278780386830e-01,4.958059482719129885e-01,0.000000000000000000e+00,1.000000000000000000e+00,0.000000000000000000e+00,0.000000000000000000e+00,1.000000000000000000e+00,1.000000000000000000e+00
4.392785571142284740e-01,4.987466658612074166e-01,4.977750995919095200e-01,1.259155372180277739e-02,9.999603637174070414e-01,3.963628259290308264e-05,3.006012024048096160e-03,1.003006012024048044e+00,9.969939879759519563e-01
4.785571142284569257e-01,4.994117201596953159e-01,4.988317217940769210e-01,2.518310744360555478e-02,9.998414611537680408e-01,1.585388462319592406e-04,6.012024048096192320e-03,1.006012024048096087e+00,9.939879759519038016e-01
5.178356713426853775e-01,4.997276851075137527e-01,4.993922696847740705e-01,3.777466116540833391e-02,9.996433111605051991e-01,3.566888394948009022e-04,9.018036072144288914e-03,1.009018036072144353e+00,9.909819639278557579e-01
5.571142284569138292e-01,4.998754837397015316e-01,4.996865988622823385e-01,5.036621488721110956e-02,9.993659451533352112e-01,6.340548466648443515e-04,1.202404809619238464e-02,1.012024048096192397e+00,9.879759519038076032e-01
5.963927855711422810e-01,4.999436842450320495e-01,4.998396871419451548e-01,6.295776860901389216e-02,9.990094071072876947e-01,9.905928927123608396e-04,1.503006012024048037e-02,1.015030060120240440e+00,9.849699398797595595e-01
6.356713426853708437e-01,4.999747782414582509e-01,4.999186154998818687e-01,7.554932233081666781e-02,9.985737535497336559e-01,1.426246450266288601e-03,1.803607214428857783e-02,1.018036072144288484e+00,9.819639278557114048e-01
6.749498997995992955e-01,4.999888036595179774e-01,4.999589764331376363e-01,8.814087605261944347e-02,9.980590535514233252e-01,1.940946448576674754e-03,2.104208416833667356e-02,1.021042084168336750e+00,9.789579158316633611e-01
7.142284569138277472e-01,4.999950704372149168e-01,4.999794570899435686e-01,1.007324297744222191e-01,9.974653887155349175e-01,2.534611284465027037e-03,2.404809619238476928e-02,1.024048096192384794e+00,9.759519038076152064e-01
7.535070140280561990e-01,4.999978494229939119e-01,4.999897727009165460e-01,1.133239834962249948e-01,9.967928531647373136e-01,3.207146835262686402e-03,2.705410821643286501e-02,1.027054108216432837e+00,9.729458917835671627e-01
7.927855711422846507e-01,4.999990811371211041e-01,4.999949252126453803e-01,1.259155372180277843e-01,9.960415535262669984e-01,3.958446473733001625e-03,3.006012024048096073e-02,1.030060120240480881e+00,9.699398797595190080e-01
8.320641282565131025e-01,4.999996470548453975e-01,4.999974601651914208e-01,1.385070909398305461e-01,9.952116089150231382e-01,4.788391084976861833e-03,3.306613226452905646e-02,1.033066132264529147e+00,9.669338677354709644e-01
8.713426853707415543e-01,4.999999621858057242e-01,4.999986459085666857e-01,1.510986446616333356e-01,9.943031509146823543e-01,5.696849085317645667e-03,3.607214428857715566e-02,1.036072144288577190e+00,9.639278557114228096e-01
9.106212424849700060e-01,5.000002546528562464e-01,4.999990775369062002e-01,1.636901983834360974e-01,9.933163235568367444e-01,6.683676443163255598e-03,3.907815631262524791e-02,1.039078156312625234e+00,9.609218436873747660e-01
9.498997995991984578e-01,5.000007057211970363e-01,4.999989747474639645e-01,1.762817521052388869e-01,9.922512832981583708e-01,7.748716701841629195e-03,4.208416833667334711e-02,1.042084168336673278e+00,9.579158316633266113e-01
9.891783567134269095e-01,5.000015314106575071e-01,4.999983160959263206e-01,1.888733058270416487e-01,9.911081989955938809e-01,8.891801004406119091e-03,4.509018036072143937e-02,1.045090180360721543e+00,9.549098196392785676e-01
1.028456913827655361e+00,5.000030429504065399e-01,4.999968844523551281e-01,2.014648595488444383e-01,9.898872518795931441e-01,1.011274812040685589e-02,4.809619238476953856e-02,1.048096192384769587e+00,9.519038076152304129e-01
1.067735470941883813e+00,5.000057024571719078e-01,4.999942630623933626e-01,2.140564132706472278e-01,9.885886355253756808e-01,1.141136447462426373e-02,5.110220440881763776e-02,1.051102204408817631e+00,9.488977955911823692e-01
1.107014028056112265e+00,5.000101801103872257e-01,4.999898035485725867e-01,2.266479669924499896e-01,9.872125558222408781e-01,1.278744417775906639e-02,5.410821643286573002e-02,1.054108216432865675e+00,9.458917835671343255e-01
1.146292585170340717e+00,5.000174140463219397e-01,4.999825782224068260e-01,2.392395207142527791e-01,9.857592309409246578e-01,1.424076905907534218e-02,5.711422845691382921e-02,1.057114228456913718e+00,9.428857715430861708e-01
1.185571142284569168e+00,5.000286715962433126e-01,4.999713247433971164e-01,2.518310744360555686e-01,9.842288912990095895e-01,1.577110870099041051e-02,6.012024048096192147e-02,1.060120240480961984e+00,9.398797595190381271e-01
1.224849699398797620e+00,5.000456091887900412e-01,4.999543890549727476e-01,2.644226281578583304e-01,9.826217795243938902e-01,1.737822047560610983e-02,6.312625250501001373e-02,1.063126252505010028e+00,9.368737474949899724e-01
1.264128256513026072e+00,5.000703277000112523e-01,4.999296713929803904e-01,2.770141818796610922e-01,9.809381504168233068e-01,1.906184958317663769e-02,6.613226452905811292e-02,1.066132264529058071e+00,9.338677354709419287e-01
1.303406813627254524e+00,5.001054200093569824e-01,4.998945793716464969e-01,2.896057356014638540e-01,9.791782709074943192e-01,2.082172909250573634e-02,6.913827655310621212e-02,1.069138276553106115e+00,9.308617234468937740e-01
1.342685370741483197e+00,5.001540078535722245e-01,4.998459914209651966e-01,3.021972893232666713e-01,9.773424200167328824e-01,2.265757998326706213e-02,7.214428857715431131e-02,1.072144288577154381e+00,9.278557114228457303e-01
1.381963927855711649e+00,5.002197656484809185e-01,4.997802330778423618e-01,3.147888430450694330e-01,9.754308888097582564e-01,2.456911119024179913e-02,7.515030060120241051e-02,1.075150300601202424e+00,9.248496993987975756e-01
1.421242484969940101e+00,5.003069296729750759e-01,4.996930678141961457e-01,3.273803967668721948e-01,9.734439803505344768e-01,2.655601964946552318e-02,7.815631262525049583e-02,1.078156312625250468e+00,9.218436873747495319e-01
1.460521042084168553e+00,5.004202917941994455e-01,4.995797032532878212e-01,3.399719504886750121e-01,9.713820096537224558e-01,2.861799034627759974e-02,8.116232464929859503e-02,1.081162324649298512e+00,9.188376753507013772e-01
1.499799599198397004e+00,5.005651776859697533e-01,4.994348128281263510e-01,3.525635042104777739e-01,9.692453036347350448e-01,3.075469636526501072e-02,8.416833667334669422e-02,1.084168336673346777e+00,9.158316633266533335e-01
1.539078156312625456e+00,5.007474101979827452e-01,4.992525722168759117e-01,3.651550579322805357e-01,9.670342010579064951e-01,3.296579894209344941e-02,8.717434869739479342e-02,1.087174348697394821e+00,9.128256513026051788e-01
1.578356713426853908e+00,5.009732591324009832e-01,4.990267092831728868e-01,3.777466116540832974e-01,9.647490524827834202e-01,3.525094751721657982e-02,9.018036072144287874e-02,1.090180360721442865e+00,9.098196392785571351e-01
1.617635270541082360e+00,5.012493791542922406e-01,4.987505657742641318e-01,3.903381653758861147e-01,9.623902202085443669e-01,3.760977979145568861e-02,9.318637274549097793e-02,1.093186372745490909e+00,9.068136272545089804e-01
1.656913827655310811e+00,5.015827378946824400e-01,4.984171686942858170e-01,4.029297190976888765e-01,9.599580782165597626e-01,4.004192178344029296e-02,9.619238476953907713e-02,1.096192384769539174e+00,9.038076152304609368e-01
1.696192384769539263e+00,5.019805365026360766e-01,4.980193090704807535e-01,4.155212728194916383e-01,9.574530121110989000e-01,4.254698788890115546e-02,9.919839679358717632e-02,1.099198396793587218e+00,9.008016032064127820e-01
1.735470941883767715e+00,5.024501249771838873e-01,4.975496257552082247e-01,4.281128265412944556e-01,9.548754190581938417e-01,4.512458094180610280e-02,1.022044088176352755e-01,1.102204408817635262e+00,8.977955911823647384e-01
1.774749498997996167e+00,5.029989145779243387e-01,4.970006919394069356e-01,4.407043802630972174e-01,9.522257077226716770e-01,4.777429227732837846e-02,1.052104208416833608e-01,1.105210420841683305e+00,8.947895791583166947e-01
1.814028056112224618e+00,5.036342894944858539e-01,4.963651021740156377e-01,4.532959339848999791e-01,9.495042982033610190e-01,5.049570179663898095e-02,1.082164328657314600e-01,1.108216432865731349e+00,8.917835671342685400e-01
1.853306613226453070e+00,5.043635197703407735e-01,4.956355578840889176e-01,4.658874877067027409e-01,9.467116219664892807e-01,5.328837803351077484e-02,1.112224448897795592e-01,1.111222444889779615e+00,8.887775551102203853e-01
1.892585170340681522e+00,5.051936772455843938e-01,4.948049495960278876e-01,4.784790414285055582e-01,9.438481217772742848e-01,5.615187822272577067e-02,1.142284569138276584e-01,1.114228456913827658e+00,8.857715430861723416e-01
1.931863727454909974e+00,5.061315560242610756e-01,4.938664343632845344e-01,4.910705951503083200e-01,9.409142516297268610e-01,5.908574837027308346e-02,1.172344689378757437e-01,1.117234468937875702e+00,8.827655310621242979e-01
1.971142284569138425e+00,5.071835987003264767e-01,4.928135071541930312e-01,5.036621488721111373e-01,9.379104766746721999e-01,6.208952332532774454e-02,1.202404809619238429e-01,1.120240480961923746e+00,8.797595190380761432e-01
2.010420841683366877e+00,5.083558293051967381e-01,4.916400652441249020e-01,5.162537025939138990e-01,9.348372731460021789e-01,6.516272685399782105e-02,1.232464929859719421e-01,1.123246492985972012e+00,8.767535070140280995e-01
2.049699398797595329e+00,5.096537936792560064e-01,4.903404649225190925e-01,5.288452563157166608e-01,9.316951282851706484e-01,6.830487171482929609e-02,1.262525050100200275e-01,1.126252505010020055e+00,8.737474949899799448e-01
2.088977955911823781e+00,5.110825077270890748e-01,4.889095700757140617e-01,5.414368100375194226e-01,9.284845402639445577e-01,7.151545973605549777e-02,1.292585170340681266e-01,1.129258517034068099e+00,8.707414829659319011e-01
2.128256513026052232e+00,5.126464137967663426e-01,4.873427924334862160e-01,5.540283637593221844e-01,9.252060181054200250e-01,7.479398189458003054e-02,1.322645290581162258e-01,1.132264529058116143e+00,8.677354709418837464e-01
2.167535070140280684e+00,5.143493452302860813e-01,4.856361234674089755e-01,5.666199174811249462e-01,9.218600816033201140e-01,7.813991839667988604e-02,1.352705410821643250e-01,1.135270541082164408e+00,8.647294589178357027e-01
2.206813627254509136e+00,5.161944989666724659e-01,4.837861581009488265e-01,5.792114712029277079e-01,9.184472612395839786e-01,8.155273876041607695e-02,1.382765531062124242e-01,1.138276553106212452e+00,8.617234468937875480e-01
2.246092184368737588e+00,5.181844159413462325e-01,4.817901105343524448e-01,5.918030249247305807e-01,9.149680981002608071e-01,8.503190189973919288e-02,1.412825651302605234e-01,1.141282565130260496e+00,8.587174348697395043e-01
2.285370741482966039e+00,5.203209689142020977e-01,4.796458226026628080e-01,6.043945786465333425e-01,9.114231437897244437e-01,8.857685621027555634e-02,1.442885771543086226e-01,1.144288577154308539e+00,8.557114228456913496e-01
2.324649298597194491e+00,5.226053572726810925e-01,4.773517651742140155e-01,6.169861323683361043e-01,9.078129603432180117e-01,9.218703965678198831e-02,1.472945891783567218e-01,1.147294589178356805e+00,8.527054108216433059e-01
2.363927855711422943e+00,5.250381082928656795e-01,4.749070331618562291e-01,6.295776860901388661e-01,9.041381201377467480e-01,9.586187986225325197e-02,1.503006012024048210e-01,1.150300601202404849e+00,8.496993987975951512e-01
2.403206412825651395e+00,5.276190842986949736e-01,4.723113347624003922e-01,6.421692398119416278e-01,9.003992058013301492e-01,9.960079419866985084e-02,1.533066132264528925e-01,1.153306613226452892e+00,8.466933867735471075e-01
2.442484969939879846e+00,5.303474951343029042e-01,4.695649755639860201e-01,6.547607935337443896e-01,8.965968101206290841e-01,1.034031898793709159e-01,1.563126252505009917e-01,1.156312625250500936e+00,8.436873747494990639e-01
2.481763527054108298e+00,5.332219153545366686e-01,4.666688381689543808e-01,6.673523472555471514e-01,8.927315359469625289e-01,1.072684640530375266e-01,1.593186372745490909e-01,1.159318637274548980e+00,8.406813627254509091e-01
2.521042084168336750e+00,5.362403055414872721e-01,4.636243579739469101e-01,6.799439009773500242e-01,8.888039961007281331e-01,1.111960038992718669e-01,1.623246492985971901e-01,1.162324649298597246e+00,8.376753507014027544e-01
2.560320641282565202e+00,5.394000371679588124e-01,4.604334957318272914e-01,6.925354546991527860e-01,8.848148132742430505e-01,1.151851867257569495e-01,1.653306613226452892e-01,1.165330661322645289e+00,8.346693386773547108e-01
2.599599198396793653e+00,5.426979204500985698e-01,4.570987074939444339e-01,7.051270084209555478e-01,8.807646199330185777e-01,1.192353800669814778e-01,1.683366733466933884e-01,1.168336673346693333e+00,8.316633266533066671e-01
2.638877755511022105e+00,5.461302346589780310e-01,4.536229124982835703e-01,7.177185621427583095e-01,8.766540582154858097e-01,1.233459417845142458e-01,1.713426853707414876e-01,1.171342685370741599e+00,8.286573146292585124e-01
2.678156312625250557e+00,5.496927603930611417e-01,4.500094595310468737e-01,7.303101158645610713e-01,8.724837798311882997e-01,1.275162201688117003e-01,1.743486973947895868e-01,1.174348697394789642e+00,8.256513026052103577e-01
2.717434869739479009e+00,5.533808133487426728e-01,4.462620922477963936e-01,7.429016695863638331e-01,8.682544459574561557e-01,1.317455540425438443e-01,1.773547094188376860e-01,1.177354709418837686e+00,8.226452905811623140e-01
2.756713426853707460e+00,5.571892791632742092e-01,4.423849138968358186e-01,7.554932233081665949e-01,8.639667271345798927e-01,1.360332728654201628e-01,1.803607214428857575e-01,1.180360721442885730e+00,8.196392785571142703e-01
2.795991983967935912e+00,5.611126489423566843e-01,4.383823518432246047e-01,7.680847770299694677e-01,8.596213031594990284e-01,1.403786968405009716e-01,1.833667334669338567e-01,1.183366733466933773e+00,8.166332665330661156e-01
2.835270541082164364e+00,5.651450551226293584e-01,4.342591222476425150e-01,7.806763307517722295e-01,8.552188629780244078e-01,1.447811370219756477e-01,1.863727454909819559e-01,1.186372745490982039e+00,8.136272545090180719e-01
2.874549098196392816e+00,5.692803073565539940e-01,4.300201952110521142e-01,7.932678844735749912e-01,8.507601045756084668e-01,1.492398954243915332e-01,1.893787575150300551e-01,1.189378757515030083e+00,8.106212424849699172e-01
2.913827655310621267e+00,5.735119281432363714e-01,4.256707606543763123e-01,8.058594381953777530e-01,8.462457348666834189e-01,1.537542651333165256e-01,1.923847695390781543e-01,1.192384769539078126e+00,8.076152304609218735e-01
2.953106212424849719e+00,5.778331879631827261e-01,4.212161951626713363e-01,8.184509919171805148e-01,8.416764695825833531e-01,1.583235304174165914e-01,1.953907815631262535e-01,1.195390781563126170e+00,8.046092184368737188e-01
2.992384769539078171e+00,5.822371397075093435e-01,4.166620299858960208e-01,8.310425456389832766e-01,8.370530331580685601e-01,1.629469668419314399e-01,1.983967935871743526e-01,1.198396793587174436e+00,8.016032064128256751e-01
3.031663326653306623e+00,5.867166522225968350e-01,4.120139203535809203e-01,8.436340993607860383e-01,8.323761586164695192e-01,1.676238413835305363e-01,2.014028056112224518e-01,1.201402805611222480e+00,7.985971943887775204e-01
3.070941883767535074e+00,5.912644428194133717e-01,4.072776162286511070e-01,8.562256530825889111e-01,8.276465874534700840e-01,1.723534125465299160e-01,2.044088176352705510e-01,1.204408817635270523e+00,7.955911823647294767e-01
3.110220440881763526e+00,5.958731086227431195e-01,4.024589345963860976e-01,8.688172068043916729e-01,8.228650695195471876e-01,1.771349304804528124e-01,2.074148296593186225e-01,1.207414829659318567e+00,7.925851703406814330e-01
3.149498997995991978e+00,6.005351566592811441e-01,3.975637333580613331e-01,8.814087605261944347e-01,8.180323629010848308e-01,1.819676370989151692e-01,2.104208416833667217e-01,1.210420841683366611e+00,7.895791583166332783e-01
3.188777555110220430e+00,6.052430326051032594e-01,3.925978868751222595e-01,8.940003142479971965e-01,8.131492338001840015e-01,1.868507661998160541e-01,2.134268537074148209e-01,1.213426853707414876e+00,7.865731462925851236e-01
3.228056112224448881e+00,6.099891481323935771e-01,3.875672631887148167e-01,9.065918679697999583e-01,8.082164564131844031e-01,1.917835435868155414e-01,2.164328657314629201e-01,1.216432865731462920e+00,7.835671342685370799e-01
3.267334669338677333e+00,6.147659068126724025e-01,3.824777029209529555e-01,9.191834216916027200e-01,8.032348128079203065e-01,1.967651871920796935e-01,2.194388777555110193e-01,1.219438877755510964e+00,7.805611222444890362e-01
3.306613226452905785e+00,6.195657285491563693e-01,3.773349998482461998e-01,9.317749754134054818e-01,7.982050927997264012e-01,2.017949072002736544e-01,2.224448897795591185e-01,1.222444889779559229e+00,7.775551102204408815e-01
3.345891783567134237e+00,6.243810725244850479e-01,3.721448831232429533e-01,9.443665291352083546e-01,7.931280938262168512e-01,2.068719061737830933e-01,2.254509018036072177e-01,1.225450901803607273e+00,7.745490981963927268e-01
3.385170340681362688e+00,6.292044586619502944e-01,3.669130011102668121e-01,9.569580828570111164e-01,7.880046208208562053e-01,2.119953791791437392e-01,2.284569138276553169e-01,1.228456913827655317e+00,7.715430861723446831e-01
3.424448897795591140e+00,6.340284876086969001e-01,3.616449067893732772e-01,9.695496365788138782e-01,7.828354860853399266e-01,2.171645139146600179e-01,2.314629258517034160e-01,1.231462925851703361e+00,7.685370741482966395e-01
3.463727454909819592e+00,6.388458592582820783e-01,3.563460446761819722e-01,9.821411903006166400e-01,7.776215091608085217e-01,2.223784908391914228e-01,2.344689378757514875e-01,1.234468937875751404e+00,7.655310621242484848e-01
3.503006012024048044e+00,6.436493898375814648e-01,3.510217391982529689e-01,9.947327440224194017e-01,7.723635166979132549e-01,2.276364833020866896e-01,2.374749498997995867e-01,1.237474949899799670e+00,7.625250501002004411e-01
3.542284569138276495e+00,6.484320275894384089e-01,3.456771844638225066e-01,1.007324297744222275e+00,7.670623423257547646e-01,2.329376576742452909e-01,2.404809619238476859e-01,1.240480961923847714e+00,7.595190380761522864e-01
3.581563126252504947e+00,6.531868670878160366e-01,3.403174353550525999e-01,1.019915851466024925e+00,7.617188265197147867e-01,2.382811734802852133e-01,2.434869739478957851e-01,1.243486973947895757e+00,7.565130260521042427e-01
3.620841683366733399e+00,6.579071622265854069e-01,3.349473998754062265e-01,1.032507405187827798e+00,7.563338164682035236e-01,2.436661835317964764e-01,2.464929859719438843e-01,1.246492985971943801e+00,7.535070140280560880e-01
3.660120240480961851e+00,6.625863379266164754e-01,3.295718326792184683e-01,1.045098958909630449e+00,7.509081659383417540e-01,2.490918340616582460e-01,2.494989979959919835e-01,1.249498997995992067e+00,7.505010020040080443e-01
3.699398797595190302e+00,6.672180006086009252e-01,3.241953297108544074e-01,1.057690512631433322e+00,7.454427351405998881e-01,2.545572648594000564e-01,2.525050100200400549e-01,1.252505010020040110e+00,7.474949899799598896e-01
3.738677354709418754e+00,6.717959474811303622e-01,3.188223238809132498e-01,1.070282066353235972e+00,7.399383905924166172e-01,2.600616094075834384e-01,2.555110220440881541e-01,1.255511022044088154e+00,7.444889779559118459e-01
3.777955911823647206e+00,6.763141746950409594e-01,3.134570817076335891e-01,1.082873620075038845e+00,7.343960049808154755e-01,2.656039950191845245e-01,2.585170340681362533e-01,1.258517034068136198e+00,7.414829659318638022e-01
3.817234468937875658e+00,6.807668844160106314e-01,3.081037008529006749e-01,1.095465173796841718e+00,7.288164570240461826e-01,2.711835429759538174e-01,2.615230460921843525e-01,1.261523046092184241e+00,7.384769539078156475e-01
3.856513026052104109e+00,6.851484908679161823e-01,3.027661084839289307e-01,1.108056727518644369e+00,7.232006313322668634e-01,2.767993686677331366e-01,2.645290581162324517e-01,1.264529058116232507e+00,7.354709418837674928e-01
3.895791583166332561e+00,6.894536253995755537e-01,2.974480603937475487e-01,1.120648281240447242e+00,7.175494182672939036e-01,2.824505817327060964e-01,2.675350701402805509e-01,1.267535070140280551e+00,7.324649298597194491e-01
3.935070140280561013e+00,6.936771406272953522e-01,2.921531408159447896e-01,1.133239834962249892e+00,7.118637138014396459e-01,2.881362861985603541e-01,2.705410821643286501e-01,1.270541082164328595e+00,7.294589178356714054e-01
3.974348697394789465e+00,6.978141137051300236e-01,2.868847628716981180e-01,1.145831388684052765e+00,7.061444193754595755e-01,2.938555806245404245e-01,2.735470941883767493e-01,1.273547094188376860e+00,7.264529058116232507e-01
4.013627254509017916e+00,7.018598487740196346e-01,2.816461695898425655e-01,1.158422942405855416e+00,7.003924417556343096e-01,2.996075582443656904e-01,2.765531062124248485e-01,1.276553106212424904e+00,7.234468937875750960e-01
4.052905811623246812e+00,7.058098786400025526e-01,2.764404354435826550e-01,1.171014496127658289e+00,6.946086928900053747e-01,3.053913071099946253e-01,2.795591182364729477e-01,1.279559118236472948e+00,7.204408817635270523e-01
4.092184368737474820e+00,7.096599657305842079e-01,2.712704683503838199e-01,1.183606049849461161e+00,6.887940897637907511e-01,3.112059102362092489e-01,2.825651302605210469e-01,1.282565130260520991e+00,7.174348697394790086e-01
4.131462925851703716e+00,7.134061023770699173e-01,2.661390120845359974e-01,1.196197603571263812e+00,6.829495542540012787e-01,3.170504457459987213e-01,2.855711422845691461e-01,1.285571142284569035e+00,7.144288577154308539e-01
4.170741482965932612e+00,7.170445104692729776e-01,2.610486490548626914e-01,1.208789157293066685e+00,6.770760129832810170e-01,3.229239870167189830e-01,2.885771543086172453e-01,1.288577154308617301e+00,7.114228456913826992e-01
4.210020040080160619e+00,7.205716405275652825e-01,2.560018034029906131e-01,1.221380711014869336e+00,6.711743971729967617e-01,3.288256028270032383e-01,2.915831663326653445e-01,1.291583166332665344e+00,7.084168336673346555e-01
4.249298597194389515e+00,7.239841702356563102e-01,2.510007443805046812e-01,1.233972264736672209e+00,6.652456424955963676e-01,3.347543575044036324e-01,2.945891783567134437e-01,1.294589178356713388e+00,7.054108216432866119e-01
4.288577154308617523e+00,7.272790024759300254e-01,2.460475899661561938e-01,1.246563818458474859e+00,6.592906889262633019e-01,3.407093110737366981e-01,2.975951903807615428e-01,1.297595190380761654e+00,7.024048096192384572e-01
4.327855711422846419e+00,7.304532629075205508e-01,2.411443106870530262e-01,1.259155372180277732e+00,6.533104805938872994e-01,3.466895194061127006e-01,3.006012024048096420e-01,1.300601202404809698e+00,6.993987975951903024e-01
4.367134268537074426e+00,7.335042971256642286e-01,2.362927336104393428e-01,1.271746925902080605e+00,6.473059656313782106e-01,3.526940343686217894e-01,3.036072144288576857e-01,1.303607214428857741e+00,6.963927855711422588e-01
4.406412825651303322e+00,7.364296674392122322e-01,2.314945464752415916e-01,1.284338479623883256e+00,6.412780960253436913e-01,3.587219039746563087e-01,3.066132264529057849e-01,1.306613226452905785e+00,6.933867735470942151e-01
4.445691382765531330e+00,7.392271493015273309e-01,2.267513019350286541e-01,1.296930033345686128e+00,6.352278274651561585e-01,3.647721725348438970e-01,3.096192384769538841e-01,1.309619238476953829e+00,6.903807615230461714e-01
4.484969939879760226e+00,7.418947274283480553e-01,2.220644218863838670e-01,1.309521587067488779e+00,6.291561191914332163e-01,3.708438808085667282e-01,3.126252505010019833e-01,1.312625250501001872e+00,6.873747494989980167e-01
4.524248496993988233e+00,7.444305916345763663e-01,2.174352018589306157e-01,1.322113140789291652e+00,6.230639338439548647e-01,3.769360661560451353e-01,3.156312625250500825e-01,1.315631262525050138e+00,6.843687374749498620e-01
4.563527054108217129e+00,7.468331324203347776e-01,2.128648154453699481e-01,1.334704694511094303e+00,6.169522373090412515e-01,3.830477626909588040e-01,3.186372745490981817e-01,1.318637274549098182e+00,6.813627254509018183e-01
4.602805611222445137e+00,7.491009363350727979e-01,2.083543187518988871e-01,1.347296248232897176e+00,6.108219985664160578e-01,3.891780014335839422e-01,3.216432865731462809e-01,1.321643286573146225e+00,6.783567134268537746e-01
4.642084168336674033e+00,7.512327811469622363e-01,2.039046548512581658e-01,1.359887801954700048e+00,6.046741895355801644e-01,3.953258104644198356e-01,3.246492985971943801e-01,1.324649298597194491e+00,6.753507014028056199e-01
4.681362725450902040e+00,7.532276308433084600e-01,1.995166582224396912e-01,1.372479355676502699e+00,5.985097849217179133e-01,4.014902150782820867e-01,3.276553106212424793e-01,1.327655310621242535e+00,6.723446893787574652e-01
4.720641282565130936e+00,7.550846304862554037e-01,1.951910591627339375e-01,1.385070909398305572e+00,5.923297620611622794e-01,4.076702379388377762e-01,3.306613226452905785e-01,1.330661322645290578e+00,6.693386773547094215e-01
4.759919839679358944e+00,7.568031009466297254e-01,1.909284881593552308e-01,1.397662463120108223e+00,5.861351007664434842e-01,4.138648992335565158e-01,3.336673346693386777e-01,1.333667334669338622e+00,6.663326653306613778e-01
4.799198396793587840e+00,7.583825335374017040e-01,1.867294802093217021e-01,1.410254016841911096e+00,5.799267831709441490e-01,4.200732168290558510e-01,3.366733466933867769e-01,1.336673346693386666e+00,6.633266533066132231e-01
4.838476953907815847e+00,7.598225845669042133e-01,1.825944790776096727e-01,1.422845570563713746e+00,5.737057935731868508e-01,4.262942064268132047e-01,3.396793587174348761e-01,1.339679358717434932e+00,6.603206412825650684e-01
4.877755511022044743e+00,7.611230698306690190e-01,1.785238414848439314e-01,1.435437124285516619e+00,5.674731182807781771e-01,4.325268817192218229e-01,3.426853707414829753e-01,1.342685370741482975e+00,6.573146292585170247e-01
4.917034068136272751e+00,7.622839590595041903e-01,1.745178412169369475e-01,1.448028678007319492e+00,5.612297454540351449e-01,4.387702545459648551e-01,3.456913827655310745e-01,1.345691382765531019e+00,6.543086172344689810e-01
4.956312625250501647e+00,7.633053703402356005e-01,1.705766731501447697e-01,1.460620231729122143e+00,5.549766649493166337e-01,4.450233350506833663e-01,3.486973947895791737e-01,1.348697394789579285e+00,6.513026052104208263e-01
4.995591182364729654e+00,7.641875645244137205e-01,1.667004571859884710e-01,1.473211785450925015e+00,5.487148681620861446e-01,4.512851318379137999e-01,3.517034068136272729e-01,1.351703406813627328e+00,6.482965931863726716e-01
5.034869739478958550e+00,7.649309396391584803e-01,1.628892420913768957e-01,1.485803339172727666e+00,5.424453478697320863e-01,4.575546521302679137e-01,3.547094188376753721e-01,1.354709418837675372e+00,6.452905811623246279e-01
5.074148296593186558e+00,7.655360253133014492e-01,1.591430092400926422e-01,1.498394892894530539e+00,5.361690980741662393e-01,4.638309019258338162e-01,3.577154308617234157e-01,1.357715430861723416e+00,6.422845691382765843e-01
5.113426853707415454e+00,7.660034772309479711e-01,1.554616762525434792e-01,1.510986446616333190e+00,5.298871138442308171e-01,4.701128861557691829e-01,3.607214428857715149e-01,1.360721442885771459e+00,6.392785571142285406e-01
5.152705410821643461e+00,7.663340716236451966e-01,1.518451005313664337e-01,1.523578000338136063e+00,5.236003911579344416e-01,4.763996088420655584e-01,3.637274549098196141e-01,1.363727454909819503e+00,6.362725450901803859e-01
5.191983967935872357e+00,7.665286998114173578e-01,1.482930826910857369e-01,1.536169554059938935e+00,5.173099267445451233e-01,4.826900732554548767e-01,3.667334669338677133e-01,1.366733466933867769e+00,6.332665330661322312e-01
5.231262525050100365e+00,7.665883628020589979e-01,1.448053698805890077e-01,1.548761107781741586e+00,5.110167179265635573e-01,4.889832820734364982e-01,3.697394789579158125e-01,1.369739478957915813e+00,6.302605210420841875e-01
5.270541082164329261e+00,7.665141659572562993e-01,1.413816589976830129e-01,1.561352661503544459e+00,5.047217624616018306e-01,4.952782375383981694e-01,3.727454909819639117e-01,1.372745490981963856e+00,6.272545090180361438e-01
5.309819639278557268e+00,7.663073137333038520e-01,1.380215997954525875e-01,1.573944215225347110e+00,4.984260583841952363e-01,5.015739416158048192e-01,3.757515030060120109e-01,1.375751503006012122e+00,6.242484969939879891e-01
5.349098196392786164e+00,7.659691045034584533e-01,1.347247978805437563e-01,1.586535768947149982e+00,4.921306038475671274e-01,5.078693961524328726e-01,3.787575150300601101e-01,1.378757515030060166e+00,6.212424849699398344e-01
5.388376753507014172e+00,7.655009254682436648e-01,1.314908176038613041e-01,1.599127322668952633e+00,4.858363969653781145e-01,5.141636030346218300e-01,3.817635270541082093e-01,1.381763527054108209e+00,6.182364729458917907e-01
5.427655310621243068e+00,7.649042476593633788e-01,1.283191848444874827e-01,1.611718876390755506e+00,4.795444356534786512e-01,5.204555643465212933e-01,3.847695390781563085e-01,1.384769539078156253e+00,6.152304609218437470e-01
5.466933867735471964e+00,7.641806210422449341e-01,1.252093896879173940e-01,1.624310430112558379e+00,4.732557174716953141e-01,5.267442825283046304e-01,3.877755511022044077e-01,1.387775551102204297e+00,6.122244488977955923e-01
5.506212424849699971e+00,7.633316697216312452e-01,1.221608889999526160e-01,1.636901983834361030e+00,4.669712394656722609e-01,5.330287605343276836e-01,3.907815631262525069e-01,1.390781563126252562e+00,6.092184368737474376e-01
5.545490981963928867e+00,7.623590872540910723e-01,1.191731088978166542e-01,1.649493537556163902e+00,4.606919980087940125e-01,5.393080019912059875e-01,3.937875751503006061e-01,1.393787575150300606e+00,6.062124248496993939e-01
5.584769539078156875e+00,7.612646320707697756e-01,1.162454471202424289e-01,1.662085091277966553e+00,4.544189886442162041e-01,5.455810113557837404e-01,3.967935871743487053e-01,1.396793587174348650e+00,6.032064128256513502e-01
5.624048096192385771e+00,7.600501230132187258e-01,1.133772752984470722e-01,1.674676644999769426e+00,4.481532059270261770e-01,5.518467940729738785e-01,3.997995991983968045e-01,1.399799599198396916e+00,6.002004008016031955e-01
5.663326653306613778e+00,7.587174349846724786e-01,1.105679411300455328e-01,1.687268198721572077e+00,4.418956432665618883e-01,5.581043567334381672e-01,4.028056112224449037e-01,1.402805611222444959e+00,5.971943887775550408e-01
5.702605210420842674e+00,7.572684947186995030e-01,1.078167704580724889e-01,1.699859752443374949e+00,4.356472927689108987e-01,5.643527072310891013e-01,4.058116232464930029e-01,1.405811623246493003e+00,5.941883767535069971e-01
5.741883767535070682e+00,7.557052766667506916e-01,1.051230692573784514e-01,1.712451306165177822e+00,4.294091450796176934e-01,5.705908549203823066e-01,4.088176352705411021e-01,1.408817635270541047e+00,5.911823647294589534e-01
5.781162324649299578e+00,7.540297990057424071e-01,1.024861255307418090e-01,1.725042859886980473e+00,4.231821892266209861e-01,5.768178107733790139e-01,4.118236472945892013e-01,1.411823647294589090e+00,5.881763527054107987e-01
5.820440881763527585e+00,7.522441197664586632e-01,9.990521111710307101e-02,1.737634413608783346e+00,4.169674124634480950e-01,5.830325875365519606e-01,4.148296593186372450e-01,1.414829659318637134e+00,5.851703406813627550e-01
5.859719438877756481e+00,7.503503330832266283e-01,9.737958341437005783e-02,1.750225967330585997e+00,4.107658001126913705e-01,5.892341998873086295e-01,4.178356713426853442e-01,1.417835671342685400e+00,5.821643286573146003e-01
5.898997995991984489e+00,7.483505655650110056e-01,9.490848701927943887e-02,1.762817521052388869e+00,4.045783354097892692e-01,5.954216645902107308e-01,4.208416833667334433e-01,1.420841683366733443e+00,5.791583166332665567e-01
5.938276553106213385e+00,7.462469727877878434e-01,9.249115528681818577e-02,1.775409074774191520e+00,3.984059993471399941e-01,6.015940006528599504e-01,4.238476953907815425e-01,1.423847695390781487e+00,5.761523046092185130e-01
5.977555110220441392e+00,7.440417359077978743e-01,9.012681181171908196e-02,1.788000628495994393e+00,3.922497705185690742e-01,6.077502294814308703e-01,4.268537074148296417e-01,1.426853707414829753e+00,5.731462925851703583e-01
6.016833667334670288e+00,7.417370583950393392e-01,8.781467183454456926e-02,1.800592182217797266e+00,3.861106249641789168e-01,6.138893750358210832e-01,4.298597194388777409e-01,1.429859719438877796e+00,5.701402805611222036e-01
6.056112224448898296e+00,7.393351628861338787e-01,8.555394357486571788e-02,1.813183735939599917e+00,3.799895360156018143e-01,6.200104639843981857e-01,4.328657314629258401e-01,1.432865731462925840e+00,5.671342685370741599e-01
6.095390781563127192e+00,7.368382881554965680e-01,8.334382949402467655e-02,1.825775289661402789e+00,3.738874741416829961e-01,6.261125258583170039e-01,4.358717434869739393e-01,1.435871743486973884e+00,5.641282565130261162e-01
6.134669338677355199e+00,7.342486862035612072e-01,8.118352748994846213e-02,1.838366843383205440e+00,3.678054067946179284e-01,6.321945932053820716e-01,4.388777555110220385e-01,1.438877755511021928e+00,5.611222444889779615e-01
6.173947895791584095e+00,7.315686194606322301e-01,7.907223202645186078e-02,1.850958397105008313e+00,3.617442982565669540e-01,6.382557017434330460e-01,4.418837675350701377e-01,1.441883767535070193e+00,5.581162324649298068e-01
6.213226452905812103e+00,7.288003581047935997e-01,7.700913519943386465e-02,1.863549950826810964e+00,3.557051094867735852e-01,6.442948905132264148e-01,4.448897795591182369e-01,1.444889779559118237e+00,5.551102204408817631e-01
6.252505010020040999e+00,7.259461774921586175e-01,7.499342774233246078e-02,1.876141504548613836e+00,3.496887979692084869e-01,6.503112020307915131e-01,4.478957915831663361e-01,1.447895791583166281e+00,5.521042084168337194e-01
6.291783567134269006e+00,7.230083556976225623e-01,7.302429997316302324e-02,1.888733058270416709e+00,3.436963175607656851e-01,6.563036824392343149e-01,4.509018036072144353e-01,1.450901803607214546e+00,5.490981963927855647e-01
6.331062124248497902e+00,7.199891711641773773e-01,7.110094268541639062e-02,1.901324611992219360e+00,3.377286183400328712e-01,6.622713816599671288e-01,4.539078156312625345e-01,1.453907815631262590e+00,5.460921843687374100e-01
6.370340681362725910e+00,7.168909004587333822e-01,6.922254798504803852e-02,1.913916165714022233e+00,3.317866464566607831e-01,6.682133535433392169e-01,4.569138276553106337e-01,1.456913827655310634e+00,5.430861723446893663e-01
6.409619238476954806e+00,7.137158161323325922e-01,6.738831007573617415e-02,1.926507719435824884e+00,3.258713439813565316e-01,6.741286560186434684e-01,4.599198396793587329e-01,1.459919839679358677e+00,5.400801603206413226e-01
6.448897795591182813e+00,7.104661846825320870e-01,6.559742599453712020e-02,1.939099273157627756e+00,3.199836487565221876e-01,6.800163512434778124e-01,4.629258517034068321e-01,1.462925851703406721e+00,5.370741482965931679e-01
6.488176352705411709e+00,7.071442646157046763e-01,6.384909630000959457e-02,1.951690826879430407e+00,3.141244942475647228e-01,6.858755057524352772e-01,4.659318637274549313e-01,1.465931863727454987e+00,5.340681362725450132e-01
6.527454909819639717e+00,7.037523046069265042e-01,6.214252571482735410e-02,1.964282380601233280e+00,3.082948093948996715e-01,6.917051906051003840e-01,4.689378757515029750e-01,1.468937875751503030e+00,5.310621242484969695e-01
6.566733466933868613e+00,7.002925417550851517e-01,6.047692372484111262e-02,1.976873934323036153e+00,3.024955184666719976e-01,6.975044815333280024e-01,4.719438877755510742e-01,1.471943887775551074e+00,5.280561122244489258e-01
6.606012024048096620e+00,6.967671999308071573e-01,5.885150513649757553e-02,1.989465488044838803e+00,2.967275409122180352e-01,7.032724590877819093e-01,4.749498997995991734e-01,1.474949899799599118e+00,5.250501002004008821e-01
6.645290581162325516e+00,6.931784882147780102e-01,5.726549059446354312e-02,2.002057041766641454e+00,2.909917912162911513e-01,7.090082087837088487e-01,4.779559118236472726e-01,1.477955911823647384e+00,5.220440881763527274e-01
6.684569138276553524e+00,6.895285994239904737e-01,5.571810706124909890e-02,2.014648595488444549e+00,2.852891787540743351e-01,7.147108212459256649e-01,4.809619238476953718e-01,1.480961923847695427e+00,5.190380761523045727e-01
6.723847695390782420e+00,6.858197087234720879e-01,5.420858826056566826e-02,2.027240149210247200e+00,2.796206076470043600e-01,7.203793923529956400e-01,4.839679358717434710e-01,1.483967935871743471e+00,5.160320641282565290e-01
6.763126252505010427e+00,6.820539723210096161e-01,5.273617508610033144e-02,2.039831702932049851e+00,2.739869766194262812e-01,7.260130233805737188e-01,4.869739478957915702e-01,1.486973947895791515e+00,5.130260521042084854e-01
6.802404809619239323e+00,6.782335262423980771e-01,5.130011597732971745e-02,2.052423256653852501e+00,2.683891788561056924e-01,7.316108211438943076e-01,4.899799599198396693e-01,1.489979959919839558e+00,5.100200400801603307e-01
6.841683366733467331e+00,6.743604851847504467e-01,4.989966726394449298e-02,2.065014810375655596e+00,2.628281018606186126e-01,7.371718981393813319e-01,4.929859719438877685e-01,1.492985971943887824e+00,5.070140280561121759e-01
6.880961923847696227e+00,6.704369414454036669e-01,4.853409348039869342e-02,2.077606364097458247e+00,2.573046273146427088e-01,7.426953726853573468e-01,4.959919839679358677e-01,1.495991983967935868e+00,5.040080160320641323e-01
6.920240480961924234e+00,6.664649639239780265e-01,4.720266765204651077e-02,2.090197917819260898e+00,2.518196309381698361e-01,7.481803690618301639e-01,4.989979959919839669e-01,1.498997995991983911e+00,5.010020040080160886e-01
6.959519038076153130e+00,6.624465971951646326e-01,4.590467155427502277e-02,2.102789471541063993e+00,2.463739823506652660e-01,7.536260176493347895e-01,5.020040080160320661e-01,1.502004008016032177e+00,4.979959919839679339e-01
6.998797595190381138e+00,6.583838606498331192e-01,4.463939594599139471e-02,2.115381025262866643e+00,2.409685449331947504e-01,7.590314550668052496e-01,5.050100200400801098e-01,1.505010020040080221e+00,4.949899799599198902e-01
7.038076152304610034e+00,6.542787477020834963e-01,4.340614077877026633e-02,2.127972578984669294e+00,2.356041756915381868e-01,7.643958243084618687e-01,5.080160320641282645e-01,1.508016032064128265e+00,4.919839679358717355e-01
7.077354709418838041e+00,6.501332250598944595e-01,4.220421538292036534e-02,2.140564132706471945e+00,2.302817251203162496e-01,7.697182748796838059e-01,5.110220440881763082e-01,1.511022044088176308e+00,4.889779559118236918e-01
7.116633266533066937e+00,6.459492320570470181e-01,4.103293863167819383e-02,2.153155686428275040e+00,2.250020370681485304e-01,7.749979629318515251e-01,5.140280561122244629e-01,1.514028056112224352e+00,4.859719438877755371e-01
7.155911823647294945e+00,6.417286800440459293e-01,3.989163908469210013e-02,2.165747240150077690e+00,2.197659486038659460e-01,7.802340513961341095e-01,5.170340681362725066e-01,1.517034068136272396e+00,4.829659318637274934e-01
7.195190380761523841e+00,6.374734518357871860e-01,3.877965511191171916e-02,2.178338793871880341e+00,2.145742898837965096e-01,7.854257101162034349e-01,5.200400801603206613e-01,1.520040080160320661e+00,4.799599198396793387e-01
7.234468937875751848e+00,6.331854012137719812e-01,3.769633499895533313e-02,2.190930347593683436e+00,2.094278840201486691e-01,7.905721159798513309e-01,5.230460921843687050e-01,1.523046092184368705e+00,4.769539078156312950e-01
7.273747494989980744e+00,6.288663524806974436e-01,3.664103703498187287e-02,2.203521901315486087e+00,2.043275469505113628e-01,7.956724530494886372e-01,5.260521042084168597e-01,1.526052104208416971e+00,4.739478957915831403e-01
7.313026052104208752e+00,6.245181000653011738e-01,3.561312958405436074e-02,2.216113455037288738e+00,1.992740873084900555e-01,8.007259126915099445e-01,5.290581162324649034e-01,1.529058116232465014e+00,4.709418837675350966e-01
7.352304609218437648e+00,6.201424081753837969e-01,3.461199114093836682e-02,2.228705008759091388e+00,1.942683062955025686e-01,8.057316937044973759e-01,5.320641282565130581e-01,1.532064128256513058e+00,4.679358717434869419e-01
7.391583166332665655e+00,6.157410104969713860e-01,3.363701037224117729e-02,2.241296562480894483e+00,1.893109975537520251e-01,8.106890024462479749e-01,5.350701402805611018e-01,1.535070140280561102e+00,4.649298597194388982e-01
7.430861723446894551e+00,6.113156099376320096e-01,3.268758614375738558e-02,2.253888116202697134e+00,1.844029470403994453e-01,8.155970529596006102e-01,5.380761523046092565e-01,1.538076152304609145e+00,4.619238476953907435e-01
7.470140280561122559e+00,6.068678784120062897e-01,3.176312753485021484e-02,2.266479669924499785e+00,1.795449329029532581e-01,8.204550670970467419e-01,5.410821643286573002e-01,1.541082164328657189e+00,4.589178356713426998e-01
7.509418837675351455e+00,6.023994566676520446e-01,3.086305384066118443e-02,2.279071223646302879e+00,1.747377253558980437e-01,8.252622746441019563e-01,5.440881763527054549e-01,1.544088176352705455e+00,4.559118236472945451e-01
7.548697394789579462e+00,5.979119541493691514e-01,2.998679456290649289e-02,2.291662777368105530e+00,1.699820865585813801e-01,8.300179134414186199e-01,5.470941883767534986e-01,1.547094188376753499e+00,4.529058116232465014e-01
7.587975951903808358e+00,5.934069489001921882e-01,2.913378938998359077e-02,2.304254331089908181e+00,1.652787704943762259e-01,8.347212295056237741e-01,5.501002004008015422e-01,1.550100200400801542e+00,4.498997995991984578e-01
7.627254509018036366e+00,5.888859874973139119e-01,2.830348816708041365e-02,2.316845884811710832e+00,1.606285228511412089e-01,8.393714771488587356e-01,5.531062124248496970e-01,1.553106212424849808e+00,4.468937875751503030e-01
7.666533066132265262e+00,5.843505850212313835e-01,2.749535085694681386e-02,2.329437438533513927e+00,1.560320809029949740e-01,8.439679190970050815e-01,5.561122244488977406e-01,1.556112224448897852e+00,4.438877755511022594e-01
7.705811623246493269e+00,5.798022250564683899e-01,2.670884749195844704e-02,2.342028992255316577e+00,1.514901733934257422e-01,8.485098266065742578e-01,5.591182364729458953e-01,1.559118236472945895e+00,4.408817635270541047e-01
7.745090180360722165e+00,5.752423597222636742e-01,2.594345811807333493e-02,2.354620545977119228e+00,1.470035204197516210e-01,8.529964795802483790e-01,5.621242484969939390e-01,1.562124248496993939e+00,4.378757515030060610e-01
7.784368737474950173e+00,5.706724097316783206e-01,2.519867273125420484e-02,2.367212099698922323e+00,1.425728333189531516e-01,8.574271666810469039e-01,5.651302605210420937e-01,1.565130260521041983e+00,4.348697394789579063e-01
7.823647294589179069e+00,5.660937644776048439e-01,2.447399120690112173e-02,2.379803653420724974e+00,1.381988145548945779e-01,8.618011854451054221e-01,5.681362725450901374e-01,1.568136272545090026e+00,4.318637274549098626e-01
7.862925851703407076e+00,5.615077821442255868e-01,2.376892322281453154e-02,2.392395207142527624e+00,1.338821576069509911e-01,8.661178423930490089e-01,5.711422845691382921e-01,1.571142284569138292e+00,4.288577154308617079e-01
7.902204408817635972e+00,5.569157898425037834e-01,2.308298817618187337e-02,2.404986760864330275e+00,1.296235468600610008e-01,8.703764531399389437e-01,5.741482965931863358e-01,1.574148296593186336e+00,4.258517034068136642e-01
7.941482965931864868e+00,5.523190837683393806e-01,2.241571509505882812e-02,2.417578314586133370e+00,1.254236574962204753e-01,8.745763425037795802e-01,5.771543086172344905e-01,1.577154308617234602e+00,4.228456913827655095e-01
7.980761523046092876e+00,5.477189293820718952e-01,2.176664254479097893e-02,2.430169868307936021e+00,1.212831553874364476e-01,8.787168446125634969e-01,5.801603206412825342e-01,1.580160320641282645e+00,4.198396793587174658e-01
8.020040080160320883e+00,5.431165616080504410e-01,2.113531852980090470e-02,2.442761422029738672e+00,1.172026969901553972e-01,8.827973030098446028e-01,5.831663326653306889e-01,1.583166332665330689e+00,4.168336673346693111e-01
8.059318637274548891e+00,5.385131850530456843e-01,2.052130039114368962e-02,2.455352975751541766e+00,1.131829292411858368e-01,8.868170707588141077e-01,5.861723446893787326e-01,1.586172344689378733e+00,4.138276553106212674e-01
8.098597194388778675e+00,5.339099742423066841e-01,1.992415470021325491e-02,2.467944529473344417e+00,1.092244894551298029e-01,8.907755105448702526e-01,5.891783567134268873e-01,1.589178356713426776e+00,4.108216432865731127e-01
8.137875751503006683e+00,5.293080738721311906e-01,1.934345714896240978e-02,2.480536083195147068e+00,1.053280052233391273e-01,8.946719947766608172e-01,5.921843687374749310e-01,1.592184368737474820e+00,4.078156312625250690e-01
8.177154308617234690e+00,5.247085990778311837e-01,1.877879243698024267e-02,2.493127636916949719e+00,1.014940943144143071e-01,8.985059056855857484e-01,5.951903807615230857e-01,1.595190380761523086e+00,4.048096192384769143e-01
8.216432865731462698e+00,5.201126357160477109e-01,1.822975415575294952e-02,2.505719190638752814e+00,9.772336457626012995e-02,9.022766354237399256e-01,5.981963927855711294e-01,1.598196392785571129e+00,4.018036072144288706e-01
8.255711422845692482e+00,5.155212406603866260e-01,1.769594467041618949e-02,2.518310744360555464e+00,9.401641383971476307e-02,9.059835861602851814e-01,6.012024048096192841e-01,1.601202404809619395e+00,3.987975951903807159e-01
8.294989979959920490e+00,5.109354421093922349e-01,1.717697499929088725e-02,2.530902298082358115e+00,9.037382982376590546e-02,9.096261701762340390e-01,6.042084168336673278e-01,1.604208416833667439e+00,3.957915831663326722e-01
8.334268537074148497e+00,5.063562399059240438e-01,1.667246469147786250e-02,2.543493851804161210e+00,8.679619004237110191e-02,9.132038099576289536e-01,6.072144288577153715e-01,1.607214428857715482e+00,3.927855711422846285e-01
8.373547094188376505e+00,5.017846058670266673e-01,1.618204170277228252e-02,2.556085405525963861e+00,8.328406171289620685e-02,9.167159382871037376e-01,6.102204408817635262e-01,1.610220440881763526e+00,3.897795591182364738e-01
8.412825651302606289e+00,4.972214841234257054e-01,1.570534227014352274e-02,2.568676959247766511e+00,7.983800166618493233e-02,9.201619983338150677e-01,6.132264529058115698e-01,1.613226452905811570e+00,3.867735470941884302e-01
8.452104208416834297e+00,4.926677914678223025e-01,1.524201078501249799e-02,2.581268512969569162e+00,7.645855625827668867e-02,9.235414437417233113e-01,6.162324649298597246e-01,1.616232464929859614e+00,3.837675350701402754e-01
8.491382765531062304e+00,4.881244177111839777e-01,1.479169966554483989e-02,2.593860066691372257e+00,7.314626128378409753e-02,9.268537387162159025e-01,6.192384769539077682e-01,1.619238476953907657e+00,3.807615230460922318e-01
8.530661322645292088e+00,4.835922260462745537e-01,1.435406922816606472e-02,2.606451620413174908e+00,6.990164189094599800e-02,9.300983581090540575e-01,6.222444889779559229e-01,1.622244488977955923e+00,3.777555110220440771e-01
8.569939879759520096e+00,4.790720534176914347e-01,1.392878755849214119e-02,2.619043174134977559e+00,6.672521249836688151e-02,9.332747875016331740e-01,6.252505010020039666e-01,1.625250501002003967e+00,3.747494989979960334e-01
8.609218436873748104e+00,4.745647108977114059e-01,1.351553038185730055e-02,2.631634727856780653e+00,6.361747671345879818e-02,9.363825232865412573e-01,6.282565130260521213e-01,1.628256513026052232e+00,3.717434869739478787e-01
8.648496993987976111e+00,4.700709840672853135e-01,1.311398093361024544e-02,2.644226281578583304e+00,6.057892725259717004e-02,9.394210727474028300e-01,6.312625250501001650e-01,1.631262525050100276e+00,3.687374749498998350e-01
8.687775551102205895e+00,4.655916334015398061e-01,1.272382982933873558e-02,2.656817835300385955e+00,5.761004586300233488e-02,9.423899541369976651e-01,6.342685370741483197e-01,1.634268537074148320e+00,3.657314629258516803e-01
8.727054108216433903e+00,4.611273946591855633e-01,1.234477493517285689e-02,2.669409389022188606e+00,5.471130324636114262e-02,9.452886967536389129e-01,6.372745490981963634e-01,1.637274549098196363e+00,3.627254509018036366e-01
8.766332665330661911e+00,4.566789792752490307e-01,1.197652123830710361e-02,2.682000942743991700e+00,5.188315898419970651e-02,9.481168410158002935e-01,6.402805611222445181e-01,1.640280561122244407e+00,3.597194388777554819e-01
8.805611222444889918e+00,4.522470747565853766e-01,1.161878071787292993e-02,2.694592496465794351e+00,4.912606146501885540e-02,9.508739385349811446e-01,6.432865731462925618e-01,1.643286573146292451e+00,3.567134268537074382e-01
8.844889779559119702e+00,4.478323450796451444e-01,1.127127221628398263e-02,2.707184050187597002e+00,4.644044781320422199e-02,9.535595521867957780e-01,6.462925851703407165e-01,1.646292585170340717e+00,3.537074148296592835e-01
8.884168336673347710e+00,4.434354310899977780e-01,1.093372131116819405e-02,2.719775603909400097e+00,4.382674381972223587e-02,9.561732561802778196e-01,6.492985971943887602e-01,1.649298597194388760e+00,3.507014028056112398e-01
8.923446893787575718e+00,4.390569509031430062e-01,1.060586018799291284e-02,2.732367157631202748e+00,4.128536387461340107e-02,9.587146361253866544e-01,6.523046092184369149e-01,1.652304609218437026e+00,3.476953907815630851e-01
8.962725450901803725e+00,4.346975003061612775e-01,1.028742751348171204e-02,2.744958711353005398e+00,3.881671090129246160e-02,9.611832890987075384e-01,6.553106212424849586e-01,1.655310621242485070e+00,3.446893787575150414e-01
9.002004008016033509e+00,4.303576531597773092e-01,9.978168309914228762e-03,2.757550265074808049e+00,3.642117629266683476e-02,9.635788237073331652e-01,6.583166332665331133e-01,1.658316633266533113e+00,3.416833667334668867e-01
9.041282565130261517e+00,4.260379618004407898e-01,9.677833830393743619e-03,2.770141818796611144e+00,3.409913984908330420e-02,9.659008601509166958e-01,6.613226452905811570e-01,1.661322645290581157e+00,3.386773547094188430e-01
9.080561122244489525e+00,4.217389574420365439e-01,9.386181435160206865e-03,2.782733372518413795e+00,3.185096971811274269e-02,9.681490302818872573e-01,6.643286573146292007e-01,1.664328657314629201e+00,3.356713426853707993e-01
9.119839679358717532e+00,4.174611505768734410e-01,9.102974469021094320e-03,2.795324926240216445e+00,2.967702233618152441e-02,9.703229776638184756e-01,6.673346693386773554e-01,1.667334669338677244e+00,3.326653306613226446e-01
9.159118236472947316e+00,4.132050313756082116e-01,8.827982139965639616e-03,2.807916479962019540e+00,2.757764237206067337e-02,9.724223576279393821e-01,6.703406813627253991e-01,1.670340681362725288e+00,3.296593186372746009e-01
9.198396793587175324e+00,4.089710700857884795e-01,8.560979399023277772e-03,2.820508033683822191e+00,2.555316267222046411e-02,9.744468373277794804e-01,6.733466933867735538e-01,1.673346693386773554e+00,3.266533066132264462e-01
9.237675350701403332e+00,4.047597174287111410e-01,8.301746821421067055e-03,2.833099587405624842e+00,2.360390420805874578e-02,9.763960957919413097e-01,6.763527054108215975e-01,1.676352705410821597e+00,3.236472945891784025e-01
9.276953907815631339e+00,4.005714049943188693e-01,8.050070489090659781e-03,2.845691141127427493e+00,2.173017602501292611e-02,9.782698239749870739e-01,6.793587174348697522e-01,1.679358717434869863e+00,3.206412825651302478e-01
9.316232464929861123e+00,3.964065456338669025e-01,7.805741874569932688e-03,2.858282694849230587e+00,1.993227519356188804e-02,9.800677248064381120e-01,6.823647294589177958e-01,1.682364729458917907e+00,3.176352705410822042e-01
9.355511022044089131e+00,3.922655338501112587e-01,7.568557726340414092e-03,2.870874248571033238e+00,1.821048676212755346e-02,9.817895132378724465e-01,6.853707414829659506e-01,1.685370741482965951e+00,3.146292585170340494e-01
9.394789579158317139e+00,3.881487461847875076e-01,7.338319955636947445e-03,2.883465802292835889e+00,1.656508371188114559e-02,9.834349162881188544e-01,6.883767535070139942e-01,1.688376753507013994e+00,3.116232464929860058e-01
9.434068136272545146e+00,3.840565416031662682e-01,7.114835524762534551e-03,2.896057356014638984e+00,1.499632691346375335e-02,9.850036730865362467e-01,6.913827655310621489e-01,1.691382765531062038e+00,3.086172344689378511e-01
9.473346693386774930e+00,3.799892618754758811e-01,6.897916336936974445e-03,2.908648909736441635e+00,1.350446508562663794e-02,9.864955349143733621e-01,6.943887775551101926e-01,1.694388777555110082e+00,3.056112224448898074e-01
9.512625250501002938e+00,3.759472319550146713e-01,6.687379127704745456e-03,2.921240463458244285e+00,1.208973475579766532e-02,9.879102652442023347e-01,6.973947895791583473e-01,1.697394789579158347e+00,3.026052104208416527e-01
9.551903807615230946e+00,3.719307603527670647e-01,6.483045357923814499e-03,2.933832017180046936e+00,1.075236022258146962e-02,9.892476397774185859e-01,7.004008016032063910e-01,1.700400801603206391e+00,2.995991983967936090e-01
9.591182364729458953e+00,3.679401395083724546e-01,6.284741108354280348e-03,2.946423570901850031e+00,9.492553520197732908e-03,9.905074464798022671e-01,7.034068136272545457e-01,1.703406813627254657e+00,2.965931863727454543e-01
9.630460921843688737e+00,3.639756461572915547e-01,6.092296975862331564e-03,2.959015124623652682e+00,8.310514384864409188e-03,9.916894856151355908e-01,7.064128256513025894e-01,1.706412825651302700e+00,2.935871743486974106e-01
9.669739478957916745e+00,3.600375416940355122e-01,5.905547971252538171e-03,2.971606678345455332e+00,7.206430223130277923e-03,9.927935697768697221e-01,7.094188376753507441e-01,1.709418837675350744e+00,2.905811623246492559e-01
9.709018036072144753e+00,3.561260725313308839e-01,5.724333418738405781e-03,2.984198232067258427e+00,6.180476082162655871e-03,9.938195239178373441e-01,7.124248496993987878e-01,1.712424849699398788e+00,2.875751503006012122e-01
9.748296593186372760e+00,3.522414704551073972e-01,5.548496857059102491e-03,2.996789785789061078e+00,5.232814621994597015e-03,9.947671853780053475e-01,7.154308617234468315e-01,1.715430861723446831e+00,2.845691382765531685e-01
9.787575150300602544e+00,3.483839529752019160e-01,5.377885942247516773e-03,3.009381339510863729e+00,4.363596089735910510e-03,9.956364039102640895e-01,7.184368737474949862e-01,1.718436873747494875e+00,2.815631262525050138e-01
9.826853707414830552e+00,3.445537236716857410e-01,5.212352352052790523e-03,3.021972893232666380e+00,3.572958295752048929e-03,9.964270417042480066e-01,7.214428857715430299e-01,1.721442885771542919e+00,2.785571142284569701e-01
9.866132264529058560e+00,3.407509725367280917e-01,5.051751692018257092e-03,3.034564446954469474e+00,2.861026591815141185e-03,9.971389734081848033e-01,7.244488977955911846e-01,1.724448897795591185e+00,2.755511022044088154e-01
9.905410821643286567e+00,3.369758763119216072e-01,4.895943403214019288e-03,3.047156000676272125e+00,2.227913851230056697e-03,9.977720861487699988e-01,7.274549098196392283e-01,1.727454909819639228e+00,2.725450901803607717e-01
9.944689378757516351e+00,3.332285988209994776e-01,4.744790671621291166e-03,3.059747554398074776e+00,1.673720450938720461e-03,9.983262795490612795e-01,7.304609218436873830e-01,1.730460921843687494e+00,2.695390781563126170e-01
9.983967935871744359e+00,3.295092912978893618e-01,4.598160339164191097e-03,3.072339108119877871e+00,1.198534255606065191e-03,9.988014657443939903e-01,7.334669338677354267e-01,1.733466933867735538e+00,2.665330661322645733e-01
1.002324649298597237e+01,3.258180927100453594e-01,4.455922816382814830e-03,3.084930661841680521e+00,8.024306036893968930e-04,9.991975693963106586e-01,7.364729458917835814e-01,1.736472945891783581e+00,2.635270541082164186e-01
1.006252505010020037e+01,3.221551300770187365e-01,4.317951996740306171e-03,3.097522215563483172e+00,4.854722954938384127e-04,9.995145277045061061e-01,7.394789579158316251e-01,1.739478957915831625e+00,2.605210420841683749e-01
1.010180360721443016e+01,3.185205187842296004e-01,4.184125172554917747e-03,3.110113769285285823e+00,2.477095832156828159e-04,9.997522904167843727e-01,7.424849699398797798e-01,1.742484969939879669e+00,2.575150300601202202e-01
1.014108216432865817e+01,3.149143628919064408e-01,4.054322952547035133e-03,3.122705323007088918e+00,8.918016297515540813e-05,9.999108198370247891e-01,7.454909819639278235e-01,1.745490981963927712e+00,2.545090180360721765e-01
1.018036072144288617e+01,3.113367554391684444e-01,3.928429180989786301e-03,3.135296876728891569e+00,9.909168839861148825e-06,9.999900908311600833e-01,7.484969939879759782e-01,1.748496993987975978e+00,2.515030060120240218e-01
1.021963927855711418e+01,3.077877787432354850e-01,3.806330858450938503e-03,3.147888430450694219e+00,9.909168839861148825e-06,9.999900908311600833e-01,7.515030060120240218e-01,1.751503006012024022e+00,2.484969939879759782e-01
1.025891783567134397e+01,3.042675046937500793e-01,3.687918064112621994e-03,3.160479984172497314e+00,8.918016297515540813e-05,9.999108198370247891e-01,7.545090180360721765e-01,1.754509018036072288e+00,2.454909819639278235e-01
1.029819639278557197e+01,3.007759950422035922e-01,3.573083879654634625e-03,3.173071537894299965e+00,2.477095832156828159e-04,9.997522904167843727e-01,7.575150300601202202e-01,1.757515030060120331e+00,2.424849699398797798e-01
1.033747494989979998e+01,2.973133016864638045e-01,3.461724314686052614e-03,3.185663091616102616e+00,4.854722954938384127e-04,9.995145277045061061e-01,7.605210420841683749e-01,1.760521042084168375e+00,2.394789579158316251e-01
1.037675350701402799e+01,2.938794669504081192e-01,3.353738233709378444e-03,3.198254645337905266e+00,8.024306036893968930e-04,9.991975693963106586e-01,7.635270541082164186e-01,1.763527054108216419e+00,2.364729458917835814e-01
1.041603206412825777e+01,2.904745238586664002e-01,3.249027284600404259e-03,3.210846199059708361e+00,1.198534255606065191e-03,9.988014657443939903e-01,7.665330661322645733e-01,1.766533066132264462e+00,2.334669338677354267e-01
1.045531062124248578e+01,2.870984964064855482e-01,3.147495828586658207e-03,3.223437752781511012e+00,1.673720450938720461e-03,9.983262795490612795e-01,7.695390781563126170e-01,1.769539078156312506e+00,2.304609218436873830e-01
1.049458917835671379e+01,2.837513998247291891e-01,3.049050871706422087e-03,3.236029306503313663e+00,2.227913851230001185e-03,9.977720861487699988e-01,7.725450901803606607e-01,1.772545090180360550e+00,2.274549098196393393e-01
1.053386773547094357e+01,2.804332408400330712e-01,2.953601997730045860e-03,3.248620860225116758e+00,2.861026591815141185e-03,9.971389734081848033e-01,7.755511022044088154e-01,1.775551102204408815e+00,2.244488977955911846e-01
1.057314629258517158e+01,2.771440179301356554e-01,2.861061302524634930e-03,3.261212413946919408e+00,3.572958295751993418e-03,9.964270417042480066e-01,7.785571142284568591e-01,1.778557114228456859e+00,2.214428857715431409e-01
1.061242484969939959e+01,2.738837215744109876e-01,2.771343329842819621e-03,3.273803967668722059e+00,4.363596089735854999e-03,9.956364039102640895e-01,7.815631262525050138e-01,1.781563126252505125e+00,2.184368737474949862e-01
1.065170340681362759e+01,2.706523344996302760e-01,2.684365008516006665e-03,3.286395521390524710e+00,5.232814621994541504e-03,9.947671853780054585e-01,7.845691382765530575e-01,1.784569138276553169e+00,2.154308617234469425e-01
1.069098196392785738e+01,2.674498319209857033e-01,2.600045591032085299e-03,3.298987075112327805e+00,6.180476082162600360e-03,9.938195239178373441e-01,7.875751503006012122e-01,1.787575150300601212e+00,2.124248496993987878e-01
1.073026052104208539e+01,2.642761817784081702e-01,2.518306593477412283e-03,3.311578628834130456e+00,7.206430223130222412e-03,9.927935697768697221e-01,7.905811623246492559e-01,1.790581162324649256e+00,2.094188376753507441e-01
1.076953907815631339e+01,2.611313449682143295e-01,2.439071736822479887e-03,3.324170182555933106e+00,8.310514384864353676e-03,9.916894856151357018e-01,7.935871743486974106e-01,1.793587174348697300e+00,2.064128256513025894e-01
1.080881763527054140e+01,2.580152755701259903e-01,2.362266889530697817e-03,3.336761736277736201e+00,9.492553520197732908e-03,9.905074464798022671e-01,7.965931863727454543e-01,1.796593186372745343e+00,2.034068136272545457e-01
1.084809619238477119e+01,2.549279210696968057e-01,2.287820011469360055e-03,3.349353289999538852e+00,1.075236022258141411e-02,9.892476397774185859e-01,7.995991983967936090e-01,1.799599198396793609e+00,2.004008016032063910e-01
1.088737474949899919e+01,2.518692225761935410e-01,2.215661099101865015e-03,3.361944843721341503e+00,1.208973475579760981e-02,9.879102652442024457e-01,8.026052104208416527e-01,1.802605210420841653e+00,1.973947895791583473e-01
1.092665330661322720e+01,2.488391150359728077e-01,2.145722131940068760e-03,3.374536397443144153e+00,1.350446508562652692e-02,9.864955349143734731e-01,8.056112224448898074e-01,1.805611222444889918e+00,1.943887775551101926e-01
1.096593186372745521e+01,2.458375274414024148e-01,2.077937020235693516e-03,3.387127951164947248e+00,1.499632691346375335e-02,9.850036730865362467e-01,8.086172344689378511e-01,1.808617234468937962e+00,1.913827655310621489e-01
1.100521042084168499e+01,2.428643830353732491e-01,2.012241553889573646e-03,3.399719504886749899e+00,1.656508371188103457e-02,9.834349162881189654e-01,8.116232464929860058e-01,1.811623246492986006e+00,1.883767535070139942e-01
1.104448897795591300e+01,2.399195995114508928e-01,1.948573352557566142e-03,3.412311058608552550e+00,1.821048676212744244e-02,9.817895132378725576e-01,8.146292585170340494e-01,1.814629258517034049e+00,1.853707414829659506e-01
1.108376753507014101e+01,2.370030892097176878e-01,1.886871816931943134e-03,3.424902612330355645e+00,1.993227519356183253e-02,9.800677248064382230e-01,8.176352705410822042e-01,1.817635270541082093e+00,1.823647294589177958e-01
1.112304609218436902e+01,2.341147593083570677e-01,1.827078081177157870e-03,3.437494166052158295e+00,2.173017602501281509e-02,9.782698239749871849e-01,8.206412825651302478e-01,1.820641282565130137e+00,1.793587174348697522e-01
1.116232464929859880e+01,2.312545120110312546e-01,1.769134966498876705e-03,3.450085719773960946e+00,2.360390420805863476e-02,9.763960957919413097e-01,8.236472945891784025e-01,1.823647294589178403e+00,1.763527054108215975e-01
1.120160320641282681e+01,2.284222447301085812e-01,1.712986935825312968e-03,3.462677273495763597e+00,2.555316267222035309e-02,9.744468373277797024e-01,8.266533066132264462e-01,1.826653306613226446e+00,1.733466933867735538e-01
1.124088176352705482e+01,2.256178502657908147e-01,1.658580049579924578e-03,3.475268827217566692e+00,2.757764237206061786e-02,9.724223576279393821e-01,8.296593186372744899e-01,1.829659318637274490e+00,1.703406813627255101e-01
1.128016032064128282e+01,2.228412169811987975e-01,1.605861922524730962e-03,3.487860380939369342e+00,2.967702233618141339e-02,9.703229776638185866e-01,8.326653306613226446e-01,1.832665330661322756e+00,1.673346693386773554e-01
1.131943887775551261e+01,2.200922289734709159e-01,1.554781681653578289e-03,3.500451934661171993e+00,3.185096971811263167e-02,9.681490302818873683e-01,8.356713426853706883e-01,1.835671342685370799e+00,1.643286573146293117e-01
1.135871743486974061e+01,2.173707662409299635e-01,1.505289925114862253e-03,3.513043488382975088e+00,3.409913984908330420e-02,9.659008601509166958e-01,8.386773547094188430e-01,1.838677354709418843e+00,1.613226452905811570e-01
1.139799599198396862e+01,2.146767048463753824e-01,1.457338682143335170e-03,3.525635042104777739e+00,3.642117629266672374e-02,9.635788237073332763e-01,8.416833667334668867e-01,1.841683366733466887e+00,1.583166332665331133e-01
1.143727454909819663e+01,2.120099170765591401e-01,1.410881373980862451e-03,3.538226595826580390e+00,3.881671090129235058e-02,9.611832890987076494e-01,8.446893787575150414e-01,1.844689378757514930e+00,1.553106212424849586e-01
1.147655310621242641e+01,2.093702715978995321e-01,1.365872775766130767e-03,3.550818149548383040e+00,4.128536387461329005e-02,9.587146361253866544e-01,8.476953907815630851e-01,1.847695390781562974e+00,1.523046092184369149e-01
1.151583166332665442e+01,2.067576336084948896e-01,1.322268979373517755e-03,3.563409703270186135e+00,4.382674381972218036e-02,9.561732561802778196e-01,8.507014028056112398e-01,1.850701402805611240e+00,1.492985971943887602e-01
1.155511022044088243e+01,2.041718649864896762e-01,1.280027357181522411e-03,3.576001256991988786e+00,4.644044781320411097e-02,9.535595521867958890e-01,8.537074148296592835e-01,1.853707414829659283e+00,1.462925851703407165e-01
1.159438877755511044e+01,2.016128244348559528e-01,1.239106526751430470e-03,3.588592810713791437e+00,4.912606146501874438e-02,9.508739385349812556e-01,8.567134268537074382e-01,1.856713426853707549e+00,1.432865731462925618e-01
1.163366733466934022e+01,1.990803676226432506e-01,1.199466316397030264e-03,3.601184364435594532e+00,5.188315898419965100e-02,9.481168410158002935e-01,8.597194388777554819e-01,1.859719438877755593e+00,1.402805611222445181e-01
1.167294589178356823e+01,1.965743473227593296e-01,1.161067731626490296e-03,3.613775918157397182e+00,5.471130324636097608e-02,9.452886967536390239e-01,8.627254509018036366e-01,1.862725450901803637e+00,1.372745490981963634e-01
1.171222444889779624e+01,1.940946135463350875e-01,1.123872922437692788e-03,3.626367471879199833e+00,5.761004586300216834e-02,9.423899541369977761e-01,8.657314629258516803e-01,1.865731462925851680e+00,1.342685370741483197e-01
1.175150300601202424e+01,1.916410136737349001e-01,1.087845151448626471e-03,3.638959025601002484e+00,6.057892725259700351e-02,9.394210727474030520e-01,8.687374749498998350e-01,1.868737474949899724e+00,1.312625250501001650e-01
1.179078156312625403e+01,1.892133925822676588e-01,1.052948762844621404e-03,3.651550579322805579e+00,6.361747671345874267e-02,9.363825232865412573e-01,8.717434869739478787e-01,1.871743486973947768e+00,1.282565130260521213e-01
1.183006012024048204e+01,1.868115927706568979e-01,1.019149152124512649e-03,3.664142133044608229e+00,6.672521249836671497e-02,9.332747875016332850e-01,8.747494989979960334e-01,1.874749498997996033e+00,1.252505010020039666e-01
1.186933867735471004e+01,1.844354544803261386e-01,9.864127366280299371e-04,3.676733686766410880e+00,6.990164189094583147e-02,9.300983581090541685e-01,8.777555110220440771e-01,1.877755511022044077e+00,1.222444889779559229e-01
1.190861723446893805e+01,1.820848158135570938e-01,9.547069268270349770e-04,3.689325240488213975e+00,7.314626128378404202e-02,9.268537387162159025e-01,8.807615230460921207e-01,1.880761523046092121e+00,1.192384769539078793e-01
1.194789579158316783e+01,1.797595128485760529e-01,9.240000983634245185e-04,3.701916794210016626e+00,7.645855625827646662e-02,9.235414437417235334e-01,8.837675350701402754e-01,1.883767535070140386e+00,1.162324649298597246e-01
1.198717434869739584e+01,1.774593797516265670e-01,8.942615648168288685e-04,3.714508347931819277e+00,7.983800166618476579e-02,9.201619983338151787e-01,8.867735470941883191e-01,1.886773547094188430e+00,1.132264529058116809e-01
1.202645290581162385e+01,1.751842488860800851e-01,8.654615511854678051e-04,3.727099901653621927e+00,8.328406171289604032e-02,9.167159382871039597e-01,8.897795591182364738e-01,1.889779559118236474e+00,1.102204408817635262e-01
1.206573146292585186e+01,1.729339509186446910e-01,8.375711680638433946e-04,3.739691455375425022e+00,8.679619004237104640e-02,9.132038099576289536e-01,8.927855711422845175e-01,1.892785571142284518e+00,1.072144288577154825e-01
1.210501002004008164e+01,1.707083149227232588e-01,8.105623865011669232e-04,3.752283009097227673e+00,9.037382982376568341e-02,9.096261701762342611e-01,8.957915831663326722e-01,1.895791583166332561e+00,1.042084168336673278e-01
1.214428857715430965e+01,1.685071684789763713e-01,7.844080135247305996e-04,3.764874562819030324e+00,9.401641383971454102e-02,9.059835861602854035e-01,8.987975951903807159e-01,1.898797595190380605e+00,1.012024048096192841e-01
1.218356713426853766e+01,1.663303377731440991e-01,7.590816683126663756e-04,3.777466116540833418e+00,9.772336457626007444e-02,9.022766354237399256e-01,9.018036072144288706e-01,1.901803607214428871e+00,9.819639278557112938e-02
1.222284569138276566e+01,1.641776476911791238e-01,7.345577590008537522e-04,3.790057670262636069e+00,1.014940943144140850e-01,8.985059056855859705e-01,9.048096192384769143e-01,1.904809619238476914e+00,9.519038076152308570e-02
1.226212424849699545e+01,1.620489219117453028e-01,7.108114601089717509e-04,3.802649223984438720e+00,1.053280052233389052e-01,8.946719947766610392e-01,9.078156312625250690e-01,1.907815631262525180e+00,9.218436873747493099e-02
1.230140280561122346e+01,1.599439829961330495e-01,6.878186905709774432e-04,3.815240777706241371e+00,1.092244894551295809e-01,8.907755105448704747e-01,9.108216432865731127e-01,1.910821643286573224e+00,8.917835671342688730e-02
1.234068136272545146e+01,1.578626524756419347e-01,6.655560923555518989e-04,3.827832331428044466e+00,1.131829292411857812e-01,8.868170707588142188e-01,9.138276553106212674e-01,1.913827655310621267e+00,8.617234468937873260e-02
1.237995991983967947e+01,1.558047509364844929e-01,6.440010096623502954e-04,3.840423885149847116e+00,1.172026969901551752e-01,8.827973030098448248e-01,9.168336673346693111e-01,1.916833667334669311e+00,8.316633266533068891e-02
1.241923847695390926e+01,1.537700981022593893e-01,6.231314686801287450e-04,3.853015438871649767e+00,1.212831553874362256e-01,8.787168446125637189e-01,9.198396793587174658e-01,1.919839679358717355e+00,8.016032064128253420e-02
1.245851703406813726e+01,1.517585129140441302e-01,6.029261578931081412e-04,3.865606992593452862e+00,1.254236574962203643e-01,8.745763425037795802e-01,9.228456913827655095e-01,1.922845691382765398e+00,7.715430861723449052e-02
1.249779559118236527e+01,1.497698136081571652e-01,5.833644089221855624e-04,3.878198546315255513e+00,1.296235468600607788e-01,8.703764531399391657e-01,9.258517034068136642e-01,1.925851703406813664e+00,7.414829659318633581e-02
1.253707414829659328e+01,1.478038177916379814e-01,5.644261778878849030e-04,3.890790100037058163e+00,1.338821576069507691e-01,8.661178423930492309e-01,9.288577154308617079e-01,1.928857715430861708e+00,7.114228456913829213e-02
1.257635270541082306e+01,1.458603425154924582e-01,5.460920272821769266e-04,3.903381653758860814e+00,1.381988145548943558e-01,8.618011854451056442e-01,9.318637274549098626e-01,1.931863727454909974e+00,6.813627254509013742e-02
1.261563126252505107e+01,1.439392043457515813e-01,5.283431083365798531e-04,3.915973207480663909e+00,1.425728333189530961e-01,8.574271666810469039e-01,9.348697394789579063e-01,1.934869739478958017e+00,6.513026052104209374e-02
1.265490981963927908e+01,1.420402194323892864e-01,5.111611438741790574e-04,3.928564761202466560e+00,1.470035204197513989e-01,8.529964795802486011e-01,9.378757515030059499e-01,1.937875751503006061e+00,6.212424849699405005e-02
1.269418837675350709e+01,1.401632035761468109e-01,4.945284116334955652e-04,3.941156314924269211e+00,1.514901733934255201e-01,8.485098266065744799e-01,9.408817635270541047e-01,1.940881763527054105e+00,5.911823647294589534e-02
1.273346693386773687e+01,1.383079722933072964e-01,4.784277280523449387e-04,3.953747868646072305e+00,1.560320809029948630e-01,8.439679190970050815e-01,9.438877755511021483e-01,1.943887775551102148e+00,5.611222444889785166e-02
1.277274549098196488e+01,1.364743408784670764e-01,4.628424325001072727e-04,3.966339422367874956e+00,1.606285228511409313e-01,8.393714771488590687e-01,9.468937875751503030e-01,1.946893787575150192e+00,5.310621242484969695e-02
1.281202404809619289e+01,1.346621244653458949e-01,4.477563719470480314e-04,3.978930976089677607e+00,1.652787704943760039e-01,8.347212295056239961e-01,9.498997995991983467e-01,1.949899799599198236e+00,5.010020040080165327e-02
1.285130260521042089e+01,1.328711380856803514e-01,4.331538860595950851e-04,3.991522529811480258e+00,1.699820865585811025e-01,8.300179134414189530e-01,9.529058116232465014e-01,1.952905811623246501e+00,4.709418837675349856e-02
1.289058116232465068e+01,1.311011967262439848e-01,4.190197927107002169e-04,4.004114083533282908e+00,1.747377253558977661e-01,8.252622746441022894e-01,9.559118236472945451e-01,1.955911823647294545e+00,4.408817635270545487e-02
1.292985971943887868e+01,1.293521153840348492e-01,4.053393738946556367e-04,4.016705637255086003e+00,1.795449329029529806e-01,8.204550670970469639e-01,9.589178356713426998e-01,1.958917835671342811e+00,4.108216432865730017e-02
1.296913827655310669e+01,1.276237091196717188e-01,3.920983620359627989e-04,4.029297190976889098e+00,1.844029470403993343e-01,8.155970529596006102e-01,9.619238476953907435e-01,1.961923847695390855e+00,3.807615230460925648e-02
1.300841683366733648e+01,1.259157931090410243e-01,3.792829266820903753e-04,4.041888744698691305e+00,1.893109975537517475e-01,8.106890024462483080e-01,9.649298597194388982e-01,1.964929859719438898e+00,3.507014028056110178e-02
1.304769539078156448e+01,1.242281826932339905e-01,3.668796615701788700e-04,4.054480298420494400e+00,1.942683062955022910e-01,8.057316937044977090e-01,9.679358717434869419e-01,1.967935871743486942e+00,3.206412825651305809e-02
1.308697394789579249e+01,1.225606934268117648e-01,3.548755720579612155e-04,4.067071852142297494e+00,1.992740873084900000e-01,8.007259126915100556e-01,9.709418837675350966e-01,1.970941883767534986e+00,2.905811623246490338e-02
1.312625250501002050e+01,1.209131411244401683e-01,3.432580629094119317e-04,4.079663405864099701e+00,2.043275469505110853e-01,7.956724530494889702e-01,9.739478957915831403e-01,1.973947895791583029e+00,2.605210420841685970e-02
1.316553106212425028e+01,1.192853419059295289e-01,3.320149264258291134e-04,4.092254959585902796e+00,2.094278840201485581e-01,7.905721159798514419e-01,9.769539078156312950e-01,1.976953907815631295e+00,2.304609218436870499e-02
1.320480961923847829e+01,1.176771122397185509e-01,3.211343309132835291e-04,4.104846513307705003e+00,2.145742898837960100e-01,7.854257101162039900e-01,9.799599198396793387e-01,1.979959919839679339e+00,2.004008016032066131e-02
1.324408817635270630e+01,1.160882689848379418e-01,3.106048094775597126e-04,4.117438067029508098e+00,2.197659486038656684e-01,7.802340513961343316e-01,9.829659318637274934e-01,1.982965931863727604e+00,1.703406813627250660e-02
1.328336673346693431e+01,1.145186294313906977e-01,3.004152491379457365e-04,4.130029620751311192e+00,2.250020370681484194e-01,7.749979629318515251e-01,9.859719438877755371e-01,1.985971943887775648e+00,1.402805611222446291e-02
1.332264529058116409e+01,1.129680113395838958e-01,2.905548802513999249e-04,4.142621174473113399e+00,2.302817251203157500e-01,7.697182748796842500e-01,9.889779559118236918e-01,1.988977955911823692e+00,1.102204408817630821e-02
1.336192384769539210e+01,1.114362329773474908e-01,2.810132662388464407e-04,4.155212728194916494e+00,2.356041756915378538e-01,7.643958243084620907e-01,9.919839679358717355e-01,1.991983967935871735e+00,8.016032064128264523e-03
1.340120240480962011e+01,1.099231131565732433e-01,2.717802936055272638e-04,4.167804281916719589e+00,2.409685449331946394e-01,7.590314550668053606e-01,9.949899799599197792e-01,1.994989979959919779e+00,5.010020040080220838e-03
1.344048096192384811e+01,1.084284712680084473e-01,2.628461622475465175e-04,4.180395835638521795e+00,2.463739823506649884e-01,7.536260176493350116e-01,9.979959919839679339e-01,1.997995991983967823e+00,2.004008016032066131e-03
1.347975951903807790e+01,1.069521273148367063e-01,2.542013760369165720e-04,4.192987389360324890e+00,2.518196309381695031e-01,7.481803690618304969e-01,1.001002004008016089e+00,2.001002004008015867e+00,1.002004008016088576e-03
1.351903807615230590e+01,1.054939019449782911e-01,2.458367336776096958e-04,4.205578943082127985e+00,2.573046273146425977e-01,7.426953726853573468e-01,1.004008016032064132e+00,2.004008016032064354e+00,4.008016032064132261e-03
1.355831663326653391e+01,1.040536164821418141e-01,2.377433198252918507e-04,4.218170496803930192e+00,2.628281018606183350e-01,7.371718981393816650e-01,1.007014028056112176e+00,2.007014028056111954e+00,7.014028056112175946e-03
1.359759519038076192e+01,1.026310929556580737e-01,2.299124964636027352e-04,4.230762050525733287e+00,2.683891788561053593e-01,7.316108211438946407e-01,1.010020040080160220e+00,2.010020040080160442e+00,1.002004008016021963e-02
1.363687374749499170e+01,1.012261541291269579e-01,2.223358945300100335e-04,4.243353604247536381e+00,2.739869766194261702e-01,7.260130233805738298e-01,1.013026052104208485e+00,2.013026052104208485e+00,1.302605210420848536e-02
1.367615230460921971e+01,9.983862352790738581e-02,2.150054057844436636e-04,4.255945157969338588e+00,2.796206076470040824e-01,7.203793923529959731e-01,1.016032064128256529e+00,2.016032064128256529e+00,1.603206412825652905e-02
1.371543086172344772e+01,9.846832546547855392e-02,2.079131749140785280e-04,4.268536711691141683e+00,2.852891787540742241e-01,7.147108212459257759e-01,1.019038076152304573e+00,2.019038076152304573e+00,1.903807615230457273e-02
1.375470941883767573e+01,9.711508506870314417e-02,2.010515918678025136e-04,4.281128265412943890e+00,2.909917912162905962e-01,7.090082087837094038e-01,1.022044088176352616e+00,2.022044088176352616e+00,2.204408817635261641e-02
1.379398797595190551e+01,9.577872830201855647e-02,1.944132844140634509e-04,4.293719819134746984e+00,2.967275409122177021e-01,7.032724590877823534e-01,1.025050100200400882e+00,2.025050100200401104e+00,2.505010020040088214e-02
1.383326653306613352e+01,9.445908199058605792e-02,1.879911109159500455e-04,4.306311372856550079e+00,3.024955184666718311e-01,6.975044815333282244e-01,1.028056112224448926e+00,2.028056112224448704e+00,2.805611222444892583e-02
1.387254509018036153e+01,9.315597384242230161e-02,1.817781533175085438e-04,4.318902926578352286e+00,3.082948093948992274e-01,6.917051906051008281e-01,1.031062124248496970e+00,2.031062124248497192e+00,3.106212424849696951e-02
1.391182364729458953e+01,9.186923246954241395e-02,1.757677103354586253e-04,4.331494480300155381e+00,3.141244942475644453e-01,6.858755057524354992e-01,1.034068136272545013e+00,2.034068136272544791e+00,3.406813627254501320e-02
1.395110220440881932e+01,9.059868740813860344e-02,1.699532908506102289e-04,4.344086034021958476e+00,3.199836487565220211e-01,6.800163512434780344e-01,1.037074148296593279e+00,2.037074148296593279e+00,3.707414829659327893e-02
1.399038076152304733e+01,8.934416913782110281e-02,1.643286074934346150e-04,4.356677587743760682e+00,3.258713439813560875e-01,6.741286560186439125e-01,1.040080160320641323e+00,2.040080160320641323e+00,4.008016032064132261e-02
1.402965931863727533e+01,8.810550909994509239e-02,1.588875704183754286e-04,4.369269141465563777e+00,3.317866464566605611e-01,6.682133535433394389e-01,1.043086172344689366e+00,2.043086172344689366e+00,4.308617234468936630e-02
1.406893787575150334e+01,8.688253971504948658e-02,1.536242812616375069e-04,4.381860695187366872e+00,3.377286183400327046e-01,6.622713816599672398e-01,1.046092184368737410e+00,2.046092184368737410e+00,4.609218436873740998e-02
1.410821643286573313e+01,8.567509439943023219e-02,1.485330272773125251e-04,4.394452248909169079e+00,3.436963175607653520e-01,6.563036824392346480e-01,1.049098196392785454e+00,2.049098196392785454e+00,4.909819639278545367e-02
1.414749498997996113e+01,8.448300758087236295e-02,1.436082756468436865e-04,4.407043802630972174e+00,3.496887979692082649e-01,6.503112020307917351e-01,1.052104208416833719e+00,2.052104208416833941e+00,5.210420841683371940e-02
1.418677354709418914e+01,8.330611471356312581e-02,1.388446679569529333e-04,4.419635356352775268e+00,3.557051094867734742e-01,6.442948905132265258e-01,1.055110220440881763e+00,2.055110220440881541e+00,5.511022044088176308e-02
1.422605210420841715e+01,8.214425229220892466e-02,1.342370148412887567e-04,4.432226910074577475e+00,3.617442982565666210e-01,6.382557017434333790e-01,1.058116232464929807e+00,2.058116232464930029e+00,5.811623246492980677e-02
1.426533066132264693e+01,8.099725786537806393e-02,1.297802907811695635e-04,4.444818463796380570e+00,3.678054067946177064e-01,6.321945932053822936e-01,1.061122244488977850e+00,2.061122244488977628e+00,6.112224448897785045e-02
1.430460921843687494e+01,7.986497004809102462e-02,1.254696290609236189e-04,4.457410017518182777e+00,3.738874741416825520e-01,6.261125258583174480e-01,1.064128256513026116e+00,2.064128256513026116e+00,6.412825651302611618e-02
1.434388777555110295e+01,7.874722853367778497e-02,1.213003168734387777e-04,4.470001571239985871e+00,3.799895360156014812e-01,6.200104639843985188e-01,1.067134268537074160e+00,2.067134268537074160e+00,6.713426853707415987e-02
1.438316633266533096e+01,7.764387410492527841e-02,1.172677905716600441e-04,4.482593124961788966e+00,3.861106249641788057e-01,6.138893750358211943e-01,1.070140280561122204e+00,2.070140280561122204e+00,7.014028056112220355e-02
1.442244488977956074e+01,7.655474864453272466e-02,1.133676310618750657e-04,4.495184678683591173e+00,3.922497705185686301e-01,6.077502294814313144e-01,1.073146292585170247e+00,2.073146292585170247e+00,7.314629258517024724e-02
1.446172344689378875e+01,7.547969514489616394e-02,1.095955593347472168e-04,4.507776232405394268e+00,3.984059993471396610e-01,6.015940006528603945e-01,1.076152304609218513e+00,2.076152304609218291e+00,7.615230460921851297e-02
1.450100200400801675e+01,7.441855771724002755e-02,1.059474321301554102e-04,4.520367786127197363e+00,4.045783354097891582e-01,5.954216645902108418e-01,1.079158316633266557e+00,2.079158316633266779e+00,7.915831663326655665e-02
1.454028056112224476e+01,7.337118160011585344e-02,1.024192377320123221e-04,4.532959339848999569e+00,4.107658001126909264e-01,5.892341998873090736e-01,1.082164328657314600e+00,2.082164328657314378e+00,8.216432865731460033e-02
1.457955911823647455e+01,7.233741316728561910e-02,9.900709188933005738e-05,4.545550893570802664e+00,4.169674124634478174e-01,5.830325875365521826e-01,1.085170340681362644e+00,2.085170340681362866e+00,8.517034068136264402e-02
1.461883767535070255e+01,7.131709993500831568e-02,9.570723385990508438e-05,4.558142447292605759e+00,4.231821892266208751e-01,5.768178107733791249e-01,1.088176352705410910e+00,2.088176352705410910e+00,8.817635270541090975e-02
1.465811623246493056e+01,7.031009056874631957e-02,9.251602257308891254e-05,4.570734001014407966e+00,4.294091450796173604e-01,5.705908549203826396e-01,1.091182364729458953e+00,2.091182364729458953e+00,9.118236472945895343e-02
1.469739478957915857e+01,6.931623488931042132e-02,8.942993290821225655e-05,4.583325554736211060e+00,4.356472927689106767e-01,5.643527072310893233e-01,1.094188376753506997e+00,2.094188376753506997e+00,9.418837675350699712e-02
1.473667334669338835e+01,6.833538387845811135e-02,8.644555208531625509e-05,4.595917108458014155e+00,4.418956432665617218e-01,5.581043567334382782e-01,1.097194388777555041e+00,2.097194388777555041e+00,9.719438877755504080e-02
1.477595190380761636e+01,6.736738968396399629e-02,8.355957616494175653e-05,4.608508662179816362e+00,4.481532059270257884e-01,5.518467940729742116e-01,1.100200400801603084e+00,2.100200400801603084e+00,1.002004008016030845e-01
1.481523046092184437e+01,6.641210562417579344e-02,8.076880665380963584e-05,4.621100215901619457e+00,4.544189886442159820e-01,5.455810113557840735e-01,1.103206412825651350e+00,2.103206412825651128e+00,1.032064128256513502e-01
1.485450901803607238e+01,6.546938619207375021e-02,7.807014721331893066e-05,4.633691769623421663e+00,4.606919980087935684e-01,5.393080019912064316e-01,1.106212424849699394e+00,2.106212424849699616e+00,1.062124248496993939e-01
1.489378757515030216e+01,6.453908705884733865e-02,7.546060046786717346e-05,4.646283323345224758e+00,4.669712394656719279e-01,5.330287605343281276e-01,1.109218436873747438e+00,2.109218436873747216e+00,1.092184368737474376e-01
1.493306613226453017e+01,6.362106507700507341e-02,7.293726491008403203e-05,4.658874877067027853e+00,4.732557174716952031e-01,5.267442825283047414e-01,1.112224448897795481e+00,2.112224448897795703e+00,1.122244488977954813e-01
1.497234468937875818e+01,6.271517828303127540e-02,7.049733190014575339e-05,4.671466430788830060e+00,4.795444356534782071e-01,5.204555643465217374e-01,1.115230460921843747e+00,2.115230460921843747e+00,1.152304609218437470e-01
1.501162324649298618e+01,6.182128589960445009e-02,6.813808275642060312e-05,4.684057984510633155e+00,4.858363969653777814e-01,5.141636030346221631e-01,1.118236472945891791e+00,2.118236472945891791e+00,1.182364729458917907e-01
1.505090180360721597e+01,6.093924833739144953e-02,6.585688593476690070e-05,4.696649538232436250e+00,4.921306038475670164e-01,5.078693961524329836e-01,1.121242484969939834e+00,2.121242484969939834e+00,1.212424849699398344e-01
1.509018036072144398e+01,6.006892719643040779e-02,6.365119429388319200e-05,4.709241091954238456e+00,4.984260583841947367e-01,5.015739416158052633e-01,1.124248496993987878e+00,2.124248496993987878e+00,1.242484969939878781e-01
1.512945891783567198e+01,5.921018526711578633e-02,6.151854244417912290e-05,4.721832645676041551e+00,5.047217624616016085e-01,4.952782375383983915e-01,1.127254509018036144e+00,2.127254509018036366e+00,1.272545090180361438e-01
1.516873747494989999e+01,5.836288653079894917e-02,5.945654417770992746e-05,4.734424199397844646e+00,5.110167179265634463e-01,4.889832820734366092e-01,1.130260521042084187e+00,2.130260521042083965e+00,1.302605210420841875e-01
1.520801603206412977e+01,5.752689616001667450e-02,5.746288997678232648e-05,4.747015753119646853e+00,5.173099267445447902e-01,4.826900732554552098e-01,1.133266533066132231e+00,2.133266533066132453e+00,1.332665330661322312e-01
1.524729458917835778e+01,5.670208051835952390e-02,5.553534459890973311e-05,4.759607306841449947e+00,5.236003911579342196e-01,4.763996088420657804e-01,1.136272545090180275e+00,2.136272545090180053e+00,1.362725450901802748e-01
1.528657314629258579e+01,5.588830715999245496e-02,5.367174473585653577e-05,4.772198860563253042e+00,5.298871138442307061e-01,4.701128861557692939e-01,1.139278557114228541e+00,2.139278557114228541e+00,1.392785571142285406e-01
1.532585170340681380e+01,5.508544482883969556e-02,5.186999674457887650e-05,4.784790414285055249e+00,5.361690980741657953e-01,4.638309019258341492e-01,1.142284569138276584e+00,2.142284569138276584e+00,1.422845691382765843e-01
1.536513026052104358e+01,5.429336345744441988e-02,5.012807444792702219e-05,4.797381968006858344e+00,5.424453478697318642e-01,4.575546521302681358e-01,1.145290581162324628e+00,2.145290581162324628e+00,1.452905811623246279e-01
1.540440881763527159e+01,5.351193416551572324e-02,4.844401700303819759e-05,4.809973521728660550e+00,5.487148681620857005e-01,4.512851318379142440e-01,1.148296593186372672e+00,2.148296593186372672e+00,1.482965931863726716e-01
1.544368737474949960e+01,5.274102925817217291e-02,4.681592683540402303e-05,4.822565075450463645e+00,5.549766649493163007e-01,4.450233350506836993e-01,1.151302605210420937e+00,2.151302605210420715e+00,1.513026052104209374e-01
1.548296593186372938e+01,5.198052222389398791e-02,4.524196763665743539e-05,4.835156629172266740e+00,5.612297454540350339e-01,4.387702545459649661e-01,1.154308617234468981e+00,2.154308617234469203e+00,1.543086172344689810e-01
1.552224448897795739e+01,5.123028773219347881e-02,4.372036242417709674e-05,4.847748182894068947e+00,5.674731182807777330e-01,4.325268817192222670e-01,1.157314629258517025e+00,2.157314629258516803e+00,1.573146292585170247e-01
1.556152304609218540e+01,5.049020163101376052e-02,4.224939166066127495e-05,4.860339736615872042e+00,5.737057935731864067e-01,4.262942064268135378e-01,1.160320641282565068e+00,2.160320641282565290e+00,1.603206412825650684e-01
1.560080160320641340e+01,4.976014094386608383e-02,4.082739143187840677e-05,4.872931290337675136e+00,5.799267831709440379e-01,4.200732168290560176e-01,1.163326653306613112e+00,2.163326653306612890e+00,1.633266533066131121e-01
1.564008016032064319e+01,4.903998386671488269e-02,3.945275168084998434e-05,4.885522844059477343e+00,5.861351007664430401e-01,4.138648992335569599e-01,1.166332665330661378e+00,2.166332665330661378e+00,1.663326653306613778e-01
1.567935871743487120e+01,4.832960976462025160e-02,3.812391449677344043e-05,4.898114397781280438e+00,5.923297620611620573e-01,4.076702379388379982e-01,1.169338677354709422e+00,2.169338677354709422e+00,1.693386773547094215e-01
1.571863727454909920e+01,4.762889916814655455e-02,3.683937245703935607e-05,4.910705951503083533e+00,5.985097849217178023e-01,4.014902150782822532e-01,1.172344689378757465e+00,2.172344689378757465e+00,1.723446893787574652e-01
1.575791583166332721e+01,4.693773376954659543e-02,3.559766702074726170e-05,4.923297505224885739e+00,6.046741895355798313e-01,3.953258104644201687e-01,1.175350701402805509e+00,2.175350701402805509e+00,1.753507014028055089e-01
1.579719438877755699e+01,4.625599641872947532e-02,3.439738697216757627e-05,4.935889058946688834e+00,6.108219985664158358e-01,3.891780014335841642e-01,1.178356713426853775e+00,2.178356713426853553e+00,1.783567134268537746e-01
1.583647294589178500e+01,4.558357111902096304e-02,3.323716691264406634e-05,4.948480612668491929e+00,6.169522373090410294e-01,3.830477626909589151e-01,1.181362725450901818e+00,2.181362725450902040e+00,1.813627254509018183e-01
1.587575150300601301e+01,4.492034302272419205e-02,3.211568579947300997e-05,4.961072166390294136e+00,6.230639338439545316e-01,3.769360661560454684e-01,1.184368737474949862e+00,2.184368737474949640e+00,1.843687374749498620e-01
1.591503006012024102e+01,4.426619842648909370e-02,3.103166553033979047e-05,4.973663720112097231e+00,6.291561191914329942e-01,3.708438808085669502e-01,1.187374749498997906e+00,2.187374749498998128e+00,1.873747494989979057e-01
1.595430861723447080e+01,4.362102476649815097e-02,2.998386957193277812e-05,4.986255273833899437e+00,6.352278274651557144e-01,3.647721725348443411e-01,1.190380761523046171e+00,2.190380761523046171e+00,1.903807615230461714e-01
1.599358717434869881e+01,4.298471061347598071e-02,2.897110163139584560e-05,4.998846827555702532e+00,6.412780960253433582e-01,3.587219039746566418e-01,1.193386773547094215e+00,2.193386773547094215e+00,1.933867735470942151e-01
1.603286573146292682e+01,4.235714566753019661e-02,2.799220436931881337e-05,5.011438381277505627e+00,6.473059656313780996e-01,3.526940343686219004e-01,1.196392785571142259e+00,2.196392785571142259e+00,1.963927855711422588e-01
1.607214428857715305e+01,4.173822075283088739e-02,2.704605815300449801e-05,5.024029934999307834e+00,6.533104805938868553e-01,3.466895194061131447e-01,1.199398797595190302e+00,2.199398797595190302e+00,1.993987975951903024e-01
1.611142284569138283e+01,4.112782781213534383e-02,2.613157984878609696e-05,5.036621488721110929e+00,6.592906889262629688e-01,3.407093110737370312e-01,1.202404809619238568e+00,2.202404809619238790e+00,2.024048096192385682e-01
1.615070140280561262e+01,4.052585990116550768e-02,2.524772165220654294e-05,5.049213042442914023e+00,6.652456424955962566e-01,3.347543575044037434e-01,1.205410821643286612e+00,2.205410821643286390e+00,2.054108216432866119e-01
1.618997995991983885e+01,3.993221118284379784e-02,2.439346995490417671e-05,5.061804596164716230e+00,6.711743971729964287e-01,3.288256028270036269e-01,1.208416833667334656e+00,2.208416833667334878e+00,2.084168336673346555e-01
1.622925851703406863e+01,3.934677692139450234e-02,2.356784424708447629e-05,5.074396149886519325e+00,6.770760129832807950e-01,3.229239870167192050e-01,1.211422845691382699e+00,2.211422845691382477e+00,2.114228456913826992e-01
1.626853707414829842e+01,3.876945347631701594e-02,2.276989605449108235e-05,5.086987703608322420e+00,6.829495542540011677e-01,3.170504457459988323e-01,1.214428857715430743e+00,2.214428857715430965e+00,2.144288577154307429e-01
1.630781563126252465e+01,3.820013829623657153e-02,2.199870790881888039e-05,5.099579257330124626e+00,6.887940897637904181e-01,3.112059102362095819e-01,1.217434869739479009e+00,2.217434869739479009e+00,2.174348697394790086e-01
1.634709418837675443e+01,3.763872991263848833e-02,2.125339235054564600e-05,5.112170811051927721e+00,6.946086928900051527e-01,3.053913071099948473e-01,1.220440881763527052e+00,2.220440881763527052e+00,2.204408817635270523e-01
1.638637274549098066e+01,3.708512793349232062e-02,2.053309096318841603e-05,5.124762364773730816e+00,7.003924417556341986e-01,2.996075582443658014e-01,1.223446893787575096e+00,2.223446893787575096e+00,2.234468937875750960e-01
1.642565130260521045e+01,3.653923303677041046e-02,1.983697343801836831e-05,5.137353918495533023e+00,7.061444193754592424e-01,2.938555806245407576e-01,1.226452905811623140e+00,2.226452905811623140e+00,2.264529058116231397e-01
1.646492985971943668e+01,3.600094696386760967e-02,1.916423666830001046e-05,5.149945472217336118e+00,7.118637138014394239e-01,2.881362861985605761e-01,1.229458917835671405e+00,2.229458917835671627e+00,2.294589178356714054e-01
1.650420841683366646e+01,3.547017251292614026e-02,1.851410387214418192e-05,5.162537025939138324e+00,7.175494182672934596e-01,2.824505817327064849e-01,1.232464929859719449e+00,2.232464929859719227e+00,2.324649298597194491e-01
1.654348697394789625e+01,3.494681353207180347e-02,1.788582374309550654e-05,5.175128579660941419e+00,7.232006313322665303e-01,2.767993686677334142e-01,1.235470941883767493e+00,2.235470941883767715e+00,2.354709418837674928e-01
1.658276553106212248e+01,3.443077491256607559e-02,1.727866962759769809e-05,5.187720133382744514e+00,7.288164570240460716e-01,2.711835429759539284e-01,1.238476953907815536e+00,2.238476953907815314e+00,2.384769539078155365e-01
1.662204408817635226e+01,3.392196258187866326e-02,1.669193872850763288e-05,5.200311687104546721e+00,7.343960049808151425e-01,2.656039950191849131e-01,1.241482965931863802e+00,2.241482965931863802e+00,2.414829659318638022e-01
1.666132264529058205e+01,3.342028349668615950e-02,1.612495133385378226e-05,5.212903240826349816e+00,7.399383905924162841e-01,2.600616094075837159e-01,1.244488977955911846e+00,2.244488977955911846e+00,2.444889779559118459e-01
1.670060120240480828e+01,3.292564563580027692e-02,1.557705007005738378e-05,5.225494794548152910e+00,7.454427351405998881e-01,2.545572648594001675e-01,1.247494989979959890e+00,2.247494989979959890e+00,2.474949899799598896e-01
1.673987975951903806e+01,3.243795799303078597e-02,1.504759917885938599e-05,5.238086348269955117e+00,7.509081659383414209e-01,2.490918340616586346e-01,1.250501002004007933e+00,2.250501002004007933e+00,2.505010020040079333e-01
1.677915831663326429e+01,3.195713056998763374e-02,1.453598381721886092e-05,5.250677901991758212e+00,7.563338164682033016e-01,2.436661835317966984e-01,1.253507014028056199e+00,2.253507014028055977e+00,2.535070140280561990e-01
1.681843687374749408e+01,3.148307436882558791e-02,1.404160937946920775e-05,5.263269455713561307e+00,7.617188265197146757e-01,2.382811734802853243e-01,1.256513026052104243e+00,2.256513026052104465e+00,2.565130260521042427e-01
1.685771543086172386e+01,3.101570138493659270e-02,1.356390084104228541e-05,5.275861009435363513e+00,7.670623423257543205e-01,2.329376576742456240e-01,1.259519038076152286e+00,2.259519038076152064e+00,2.595190380761522864e-01
1.689699398797595009e+01,3.055492459959281704e-02,1.310230212308884960e-05,5.288452563157166608e+00,7.723635166979131439e-01,2.276364833020868561e-01,1.262525050100200330e+00,2.262525050100200552e+00,2.625250501002003300e-01
1.693627254509017988e+01,3.010065797254471084e-02,1.265627547734573020e-05,5.301044116878969703e+00,7.776215091608085217e-01,2.223784908391914783e-01,1.265531062124248374e+00,2.265531062124248152e+00,2.655310621242483737e-01
1.697555110220440966e+01,2.965281643457800750e-02,1.222530089061947514e-05,5.313635670600771910e+00,7.828354860853397046e-01,2.171645139146602954e-01,1.268537074148296639e+00,2.268537074148296639e+00,2.685370741482966395e-01
1.701482965931863589e+01,2.921131588003259005e-02,1.180887550827414244e-05,5.326227224322575005e+00,7.880046208208560943e-01,2.119953791791439057e-01,1.271543086172344683e+00,2.271543086172344683e+00,2.715430861723446831e-01
1.705410821643286567e+01,2.877607315928715562e-02,1.140651307613078482e-05,5.338818778044377211e+00,7.931280938262165181e-01,2.068719061737834819e-01,1.274549098196392727e+00,2.274549098196392727e+00,2.745490981963927268e-01
1.709338677354709191e+01,2.834700607121353258e-02,1.101774340020381844e-05,5.351410331766180306e+00,7.982050927997260681e-01,2.017949072002739319e-01,1.277555110220440771e+00,2.277555110220440771e+00,2.775551102204407705e-01
1.713266533066132169e+01,2.792403335560250319e-02,1.064211182371585416e-05,5.364001885487983401e+00,8.032348128079201954e-01,1.967651871920798046e-01,1.280561122244489036e+00,2.280561122244488814e+00,2.805611222444890362e-01
1.717194388777555147e+01,2.750707468556624208e-02,1.027917872085135501e-05,5.376593439209785608e+00,8.082164564131841811e-01,1.917835435868158744e-01,1.283567134268537080e+00,2.283567134268537302e+00,2.835671342685370799e-01
1.721122244488977771e+01,2.709605065991861628e-02,9.928519006724110271e-06,5.389184992931588702e+00,8.131492338001837794e-01,1.868507661998162761e-01,1.286573146292585124e+00,2.286573146292584902e+00,2.865731462925851236e-01
1.725050100200400749e+01,2.669088279553760365e-02,9.589721663050565514e-06,5.401776546653391797e+00,8.180323629010847197e-01,1.819676370989152803e-01,1.289579158316633167e+00,2.289579158316633389e+00,2.895791583166331673e-01
1.728977955911823727e+01,2.629149351971225845e-02,9.262389279036565781e-06,5.414368100375194004e+00,8.228650695195468545e-01,1.771349304804531455e-01,1.292585170340681433e+00,2.292585170340681433e+00,2.925851703406814330e-01
1.732905811623246350e+01,2.589780616247679829e-02,8.946137606999226167e-06,5.426959654096997099e+00,8.276465874534699729e-01,1.723534125465300826e-01,1.295591182364729477e+00,2.295591182364729477e+00,2.955911823647294767e-01
1.736833667334669329e+01,2.550974494893488986e-02,8.640595132261045004e-06,5.439551207818800194e+00,8.323761586164692972e-01,1.676238413835306473e-01,1.298597194388777520e+00,2.298597194388777520e+00,2.985971943887775204e-01
1.740761523046091952e+01,2.512723499157681548e-02,8.345402656867698080e-06,5.452142761540602400e+00,8.370530331580682271e-01,1.629469668419317729e-01,1.301603206412825564e+00,2.301603206412825564e+00,3.016032064128255641e-01
1.744689378757514930e+01,2.475020228259142141e-02,8.060212896693488439e-06,5.464734315262405495e+00,8.416764695825832421e-01,1.583235304174167579e-01,1.304609218436873830e+00,2.304609218436874052e+00,3.046092184368738298e-01
1.748617234468937909e+01,2.437857368617617551e-02,7.784690091513464524e-06,5.477325868984208590e+00,8.462457348666834189e-01,1.537542651333165811e-01,1.307615230460921874e+00,2.307615230460921651e+00,3.076152304609218735e-01
1.752545090180360532e+01,2.401227693084700965e-02,7.518509627632606107e-06,5.489917422706010797e+00,8.507601045756082447e-01,1.492398954243917553e-01,1.310621242484969917e+00,2.310621242484970139e+00,3.106212424849699172e-01
1.756472945891783510e+01,2.365124060175042425e-02,7.261357672676035874e-06,5.502508976427813892e+00,8.552188629780241858e-01,1.447811370219757587e-01,1.313627254509017961e+00,2.313627254509017739e+00,3.136272545090179609e-01
1.760400801603206489e+01,2.329539413298037723e-02,7.012930822156238207e-06,5.515100530149616098e+00,8.596213031594986953e-01,1.403786968405013047e-01,1.316633266533066227e+00,2.316633266533066227e+00,3.166332665330662266e-01
1.764328657314629112e+01,2.294466779990172664e-02,6.772935757444584716e-06,5.527692083871419193e+00,8.639667271345796706e-01,1.360332728654203849e-01,1.319639278557114270e+00,2.319639278557114270e+00,3.196392785571142703e-01
1.768256513026052090e+01,2.259899271148211458e-02,6.541088914786504139e-06,5.540283637593222288e+00,8.682544459574560447e-01,1.317455540425439553e-01,1.322645290581162314e+00,2.322645290581162314e+00,3.226452905811623140e-01
1.772184368737474713e+01,2.225830080263517183e-02,6.317116165010780322e-06,5.552875191315024495e+00,8.724837798311879666e-01,1.275162201688119779e-01,1.325651302605210358e+00,2.325651302605210358e+00,3.256513026052103577e-01
1.776112224448897692e+01,2.192252482657571291e-02,6.100752503593561163e-06,5.565466745036827589e+00,8.766540582154855876e-01,1.233459417845144124e-01,1.328657314629258401e+00,2.328657314629258401e+00,3.286573146292584013e-01
1.780040080160320670e+01,2.159159834718983595e-02,5.891741750749240344e-06,5.578058298758630684e+00,8.807646199330183556e-01,1.192353800669815889e-01,1.331663326653306667e+00,2.331663326653306889e+00,3.316633266533066671e-01
1.783967935871743293e+01,2.126545573142120393e-02,5.689836261229436095e-06,5.590649852480432891e+00,8.848148132742428285e-01,1.151851867257571715e-01,1.334669338677354711e+00,2.334669338677354489e+00,3.346693386773547108e-01
1.787895791583166272e+01,2.094403214167503760e-02,5.494796643521890133e-06,5.603241406202235986e+00,8.888039961007280221e-01,1.111960038992719779e-01,1.337675350701402754e+00,2.337675350701402976e+00,3.376753507014027544e-01
1.791823647294589250e+01,2.062726352824223799e-02,5.306391488150567057e-06,5.615832959924039081e+00,8.927315359469624179e-01,1.072684640530375821e-01,1.340681362725450798e+00,2.340681362725450576e+00,3.406813627254507981e-01
1.795751503006011873e+01,2.031508662174431878e-02,5.124397104787097840e-06,5.628424513645841287e+00,8.965968101206288621e-01,1.034031898793711379e-01,1.343687374749499064e+00,2.343687374749499064e+00,3.436873747494990639e-01
1.799679358717434852e+01,2.000743892560121265e-02,4.948597267893139360e-06,5.641016067367644382e+00,9.003992058013299271e-01,9.960079419867001738e-02,1.346693386773547108e+00,2.346693386773547108e+00,3.466933867735471075e-01
1.803607214428857830e+01,1.970425870852346439e-02,4.778782970621984493e-06,5.653607621089447477e+00,9.041381201377467480e-01,9.586187986225330748e-02,1.349699398797595151e+00,2.349699398797595151e+00,3.496993987975951512e-01
1.807535070140280453e+01,1.940548499702995575e-02,4.614752186715747329e-06,5.666199174811249684e+00,9.078129603432177896e-01,9.218703965678221035e-02,1.352705410821643195e+00,2.352705410821643195e+00,3.527054108216431949e-01
1.811462925851703432e+01,1.911105756799254263e-02,4.456309640143097147e-06,5.678790728533052778e+00,9.114231437897243326e-01,8.857685621027566736e-02,1.355711422845691461e+00,2.355711422845691239e+00,3.557114228456914606e-01
1.815390781563126055e+01,1.882091694120935008e-02,4.303266582230495514e-06,5.691382282254854985e+00,9.149680981002605851e-01,8.503190189973941493e-02,1.358717434869739504e+00,2.358717434869739726e+00,3.587174348697395043e-01
1.819318637274549033e+01,1.853500437200723133e-02,4.155440576047097438e-06,5.703973835976658080e+00,9.184472612395837565e-01,8.155273876041629899e-02,1.361723446893787548e+00,2.361723446893787326e+00,3.617234468937875480e-01
1.823246492985972012e+01,1.825326184387539644e-02,4.012655287811724210e-06,5.716565389698461175e+00,9.218600816033200029e-01,7.813991839667999706e-02,1.364729458917835592e+00,2.364729458917835814e+00,3.647294589178355917e-01
1.827174348697394635e+01,1.797563206113075157e-02,3.874740285096837738e-06,5.729156943420263381e+00,9.252060181054196919e-01,7.479398189458030810e-02,1.367735470941883857e+00,2.367735470941883857e+00,3.677354709418838574e-01
1.831102204408817613e+01,1.770205844161628489e-02,3.741530841611951288e-06,5.741748497142066476e+00,9.284845402639443357e-01,7.151545973605566431e-02,1.370741482965931901e+00,2.370741482965931901e+00,3.707414829659319011e-01
1.835030060120240591e+01,1.743248510943377211e-02,3.612867748355701389e-06,5.754340050863869571e+00,9.316951282851706484e-01,6.830487171482935160e-02,1.373747494989979945e+00,2.373747494989979945e+00,3.737474949899799448e-01
1.838957915831663215e+01,1.716685688771137433e-02,3.488597130932101216e-06,5.766931604585671778e+00,9.348372731460019569e-01,6.516272685399804310e-02,1.376753507014027988e+00,2.376753507014027988e+00,3.767535070140279885e-01
1.842885771543086193e+01,1.690511929140736669e-02,3.368570272833233485e-06,5.779523158307474873e+00,9.379104766746721999e-01,6.208952332532785556e-02,1.379759519038076032e+00,2.379759519038076032e+00,3.797595190380760322e-01
1.846813627254508816e+01,1.664721852015108028e-02,3.252643444496869567e-06,5.792114712029277968e+00,9.409142516297268610e-01,5.908574837027313897e-02,1.382765531062124298e+00,2.382765531062124076e+00,3.827655310621242979e-01
1.850741482965931795e+01,1.639310145112141820e-02,3.140677737953123698e-06,5.804706265751080174e+00,9.438481217772740628e-01,5.615187822272593721e-02,1.385771543086172342e+00,2.385771543086172564e+00,3.857715430861723416e-01
1.854669338677354773e+01,1.614271563196445144e-02,3.032538906880705548e-06,5.817297819472883269e+00,9.467116219664890586e-01,5.328837803351088587e-02,1.388777555110220385e+00,2.388777555110220163e+00,3.887775551102203853e-01
1.858597194388777396e+01,1.589600927375030628e-02,2.928097211898417899e-06,5.829889373194686364e+00,9.495042982033610190e-01,5.049570179663898095e-02,1.391783567134268429e+00,2.391783567134268651e+00,3.917835671342684289e-01
1.862525050100200374e+01,1.565293124397042906e-02,2.827227270923394915e-06,5.842480926916488571e+00,9.522257077226714550e-01,4.777429227732854500e-02,1.394789579158316695e+00,2.394789579158316695e+00,3.947895791583166947e-01
1.866452905811623353e+01,1.541343105957598304e-02,2.729807914432871755e-06,5.855072480638291665e+00,9.548754190581938417e-01,4.512458094180615831e-02,1.397795591182364738e+00,2.397795591182364738e+00,3.977955911823647384e-01
1.870380761523045976e+01,1.517745888005785429e-02,2.635722045471194105e-06,5.867664034360093872e+00,9.574530121110986780e-01,4.254698788890137751e-02,1.400801603206412782e+00,2.400801603206412782e+00,4.008016032064127820e-01
1.874308617234468954e+01,1.494496550056898833e-02,2.544856504249022772e-06,5.880255588081896967e+00,9.599580782165595405e-01,4.004192178344040398e-02,1.403807615230460826e+00,2.403807615230460826e+00,4.038076152304608257e-01
1.878236472945891578e+01,1.471590234508994219e-02,2.457101937186536862e-06,5.892847141803700062e+00,9.623902202085442559e-01,3.760977979145574412e-02,1.406813627254509091e+00,2.406813627254509314e+00,4.068136272545090915e-01
1.882164328657314556e+01,1.449022145963768486e-02,2.372352670256825030e-06,5.905438695525502268e+00,9.647490524827833092e-01,3.525094751721674635e-02,1.409819639278557135e+00,2.409819639278556913e+00,4.098196392785571351e-01
1.886092184368737534e+01,1.426787550551890035e-02,2.290506586490692001e-06,5.918030249247305363e+00,9.670342010579064951e-01,3.296579894209356043e-02,1.412825651302605179e+00,2.412825651302605401e+00,4.128256513026051788e-01
1.890020040080160157e+01,1.404881775262760597e-02,2.211465007508030174e-06,5.930621802969108458e+00,9.692453036347349338e-01,3.075469636526506623e-02,1.415831663326653223e+00,2.415831663326653000e+00,4.158316633266532225e-01
1.893947895791583136e+01,1.383300207278805212e-02,2.135132578945494085e-06,5.943213356690910665e+00,9.713820096537222337e-01,2.861799034627771077e-02,1.418837675350701488e+00,2.418837675350701488e+00,4.188376753507014882e-01
1.897875751503006114e+01,1.362038293314332162e-02,2.061417159654331215e-06,5.955804910412713760e+00,9.734439803505343658e-01,2.655601964946563420e-02,1.421843687374749532e+00,2.421843687374749532e+00,4.218436873747495319e-01
1.901803607214428737e+01,1.341091538958976911e-02,1.990229714546025413e-06,5.968396464134516854e+00,9.754308888097582564e-01,2.456911119024179913e-02,1.424849699398797576e+00,2.424849699398797576e+00,4.248496993987975756e-01
1.905731462925851716e+01,1.320455508025794589e-02,1.921484210967517716e-06,5.980988017856319061e+00,9.773424200167328824e-01,2.265757998326717315e-02,1.427855711422845619e+00,2.427855711422845619e+00,4.278557114228456193e-01
1.909659318637274339e+01,1.300125821904048011e-02,1.855097518491513663e-06,5.993579571578122156e+00,9.791782709074942082e-01,2.082172909250579185e-02,1.430861723446893663e+00,2.430861723446893663e+00,4.308617234468936630e-01
1.913587174348697317e+01,1.280098158916681723e-02,1.790989312010823246e-06,6.006171125299925251e+00,9.809381504168233068e-01,1.906184958317669320e-02,1.433867735470941929e+00,2.433867735470942151e+00,4.338677354709419287e-01
1.917515030060120296e+01,1.260368253682576933e-02,1.729081978029563300e-06,6.018762679021727457e+00,9.826217795243938902e-01,1.737822047560616534e-02,1.436873747494989972e+00,2.436873747494989750e+00,4.368737474949899724e-01
1.921442885771542919e+01,1.240931896483558027e-02,1.669300524047127054e-06,6.031354232743530552e+00,9.842288912990095895e-01,1.577110870099041051e-02,1.439879759519038016e+00,2.439879759519038238e+00,4.398797595190380161e-01
1.925370741482965897e+01,1.221784932636208951e-02,1.611572490934388412e-06,6.043945786465332759e+00,9.857592309409245468e-01,1.424076905907545321e-02,1.442885771543086060e+00,2.442885771543085838e+00,4.428857715430860598e-01
1.929298597194388876e+01,1.202923261868534162e-02,1.555827868204761398e-06,6.056537340187135854e+00,9.872125558222408781e-01,1.278744417775912190e-02,1.445891783567134325e+00,2.445891783567134325e+00,4.458917835671343255e-01
1.933226452905811499e+01,1.184342837701454418e-02,1.501999012085757208e-06,6.069128893908938949e+00,9.885886355253756808e-01,1.141136447462426373e-02,1.448897795591182369e+00,2.448897795591182369e+00,4.488977955911823692e-01
1.937154308617234477e+01,1.166039666835173849e-02,1.450020566299807469e-06,6.081720447630741155e+00,9.898872518795930331e-01,1.011274812040696691e-02,1.451903807615230413e+00,2.451903807615230413e+00,4.519038076152304129e-01
1.941082164328657100e+01,1.148009808540459073e-02,1.399829385466071304e-06,6.094312001352544250e+00,9.911081989955938809e-01,8.891801004406174602e-03,1.454909819639278457e+00,2.454909819639278457e+00,4.549098196392784565e-01
1.945010020040080079e+01,1.130249374054796523e-02,1.351364461037579498e-06,6.106903555074347345e+00,9.922512832981582598e-01,7.748716701841684706e-03,1.457915831663326722e+00,2.457915831663326500e+00,4.579158316633267223e-01
1.948937875751503057e+01,1.112754525983498596e-02,1.304566849691105715e-06,6.119495108796149552e+00,9.933163235568366334e-01,6.683676443163366621e-03,1.460921843687374766e+00,2.460921843687374988e+00,4.609218436873747660e-01
1.952865731462925680e+01,1.095521477705723758e-02,1.259379604089519826e-06,6.132086662517952647e+00,9.943031509146822433e-01,5.696849085317701178e-03,1.463927855711422810e+00,2.463927855711422588e+00,4.639278557114228096e-01
1.956793587174348659e+01,1.078546492785442679e-02,1.215747705939144608e-06,6.144678216239755741e+00,9.952116089150231382e-01,4.788391084976861833e-03,1.466933867735470853e+00,2.466933867735471075e+00,4.669338677354708533e-01
1.960721442885771637e+01,1.061825884387372285e-02,1.173618001267101303e-06,6.157269769961557948e+00,9.960415535262669984e-01,3.958446473733057136e-03,1.469939879759519119e+00,2.469939879759519119e+00,4.699398797595191191e-01
1.964649298597194260e+01,1.045356014697852720e-02,1.132939137845934953e-06,6.169861323683361043e+00,9.967928531647372026e-01,3.207146835262741913e-03,1.472945891783567163e+00,2.472945891783567163e+00,4.729458917835671627e-01
1.968577154308617239e+01,1.029133294350689960e-02,1.093661504695265306e-06,6.182452877405164138e+00,9.974653887155349175e-01,2.534611284465082548e-03,1.475951903807615206e+00,2.475951903807615206e+00,4.759519038076152064e-01
1.972505010020039862e+01,1.013154181857977079e-02,1.055737173592469230e-06,6.195044431126966344e+00,9.980590535514233252e-01,1.940946448576674754e-03,1.478957915831663250e+00,2.478957915831663250e+00,4.789579158316632501e-01
1.976432865731462840e+01,9.974151830458737045e-03,1.019119842526459450e-06,6.207635984848769439e+00,9.985737535497336559e-01,1.426246450266344112e-03,1.481963927855711516e+00,2.481963927855711738e+00,4.819639278557115158e-01
1.980360721442885819e+01,9.819128504953653427e-03,9.837647810309601606e-07,6.220227538570571646e+00,9.990094071072876947e-01,9.905928927123608396e-04,1.484969939879759560e+00,2.484969939879759337e+00,4.849699398797595595e-01
1.984288577154308442e+01,9.666437829879817589e-03,9.496287773355247567e-07,6.232819092292374741e+00,9.993659451533352112e-01,6.340548466648443515e-04,1.487975951903807603e+00,2.487975951903807825e+00,4.879759519038076032e-01
1.988216432865731420e+01,9.516046249564846446e-03,9.166700872746706163e-07,6.245410646014177836e+00,9.996433111605051991e-01,3.566888394948009022e-04,1.490981963927855647e+00,2.490981963927855425e+00,4.909819639278556469e-01
1.992144288577154398e+01,9.367920659405247485e-03,8.848483848974148375e-07,6.258002199735980042e+00,9.998414611537680408e-01,1.585388462319592406e-04,1.493987975951903691e+00,2.493987975951903913e+00,4.939879759519036906e-01
1.996072144288577022e+01,9.222028400472453979e-03,8.541247147212795523e-07,6.270593753457783137e+00,9.999603637174070414e-01,3.963628259290308264e-05,1.496993987975951956e+00,2.496993987975951956e+00,4.969939879759519563e-01
2.000000000000000000e+01,9.078337254168377876e-03,8.244614455767396644e-07,6.283185307179586232e+00,1.000000000000000000e+00,0.000000000000000000e+00,1.500000000000000000e+00,2.500000000000000000e+00,5.000000000000000000e-01
