curve,acceptance,phase_average
M1,0.99853659,1.00000000
M3,0.99401274,0.13184848
M5_noisy,0.99339350,0.01705449
