from_nsteps,to_nsteps,max_abs_pmf_diff,rms_pmf_diff
5000,15000,8.892315889790121e-05,4.4148302588689075e-05
