P,finite_potential,sampled_potential,two_sigma_error,relative_error
1,0.2500000000,0.2493929111,0.0028836077,7.5016767507e-01
2,0.4500000000,0.4513386515,0.0036678971,5.5030181512e-01
4,0.7083333333,0.7101525669,0.0042402818,2.9214174602e-01
8,0.8952380952,0.8968563513,0.0042342217,1.0536234119e-01
16,0.9708486183,0.9722077672,0.0041329687,2.9802530167e-02
32,0.9929577704,0.9926430521,0.0040859774,7.7082066808e-03
64,0.9987259148,1.0025297801,0.0040933603,1.9439309635e-03
