P,canonical_potential,toy_shaped_potential,covariance_scale
1,0.2500000000,1.0006711504,4.0026846016
2,0.4500000000,1.0006711504,2.2237136676
4,0.7083333333,1.0006711504,1.4127122123
6,0.8329695886,1.0006711504,1.2013297534
8,0.8952380952,1.0006711504,1.1177709659
16,0.9708486183,1.0006711504,1.0307180044
32,0.9929577704,1.0006711504,1.0077680847
